source_id,dataset,group_id,split,image_path,label_path,modality_claim,height,width,instance_count,furniture_fraction
f78844f8ce,emps,10.1016.j.chemosphere.2019.06.008,validation,C:\Users\user1\Desktop\Homework\בוטקאמפ\AMAT_4_Chana\src\data\..\..\src\data\sources\..\..\..\..\AMAT\amat4-week1\emps\images\f78844f8ce.png,,electron microscopy,512,680,1,0.12911017922794119
f6f3758bf4,emps,10.1016.j.chemosphere.2019.06.008,validation,C:\Users\user1\Desktop\Homework\בוטקאמפ\AMAT_4_Chana\src\data\..\..\src\data\sources\..\..\..\..\AMAT\amat4-week1\emps\images\f6f3758bf4.png,,electron microscopy,512,684,1,0.14625879477339182
4ec7671d11,emps,10.1016.j.chemosphere.2019.05.269,train,C:\Users\user1\Desktop\Homework\בוטקאמפ\AMAT_4_Chana\src\data\..\..\src\data\sources\..\..\..\..\AMAT\amat4-week1\emps\images\4ec7671d11.png,,electron microscopy,512,630,2,0.14172557043650794
8b40ed2a82,emps,10.1016.j.ceramint.2020.05.085,train,C:\Users\user1\Desktop\Homework\בוטקאמפ\AMAT_4_Chana\src\data\..\..\src\data\sources\..\..\..\..\AMAT\amat4-week1\emps\images\8b40ed2a82.png,,electron microscopy,512,640,1,0.126861572265625
ddffc403e3,emps,10.1016.j.ceramint.2020.02.278,test,C:\Users\user1\Desktop\Homework\בוטקאמפ\AMAT_4_Chana\src\data\..\..\src\data\sources\..\..\..\..\AMAT\amat4-week1\emps\images\ddffc403e3.png,,electron microscopy,512,648,35,0.12829439139660495
d722a3a383,emps,10.1016.j.ceramint.2020.02.165,train,C:\Users\user1\Desktop\Homework\בוטקאמפ\AMAT_4_Chana\src\data\..\..\src\data\sources\..\..\..\..\AMAT\amat4-week1\emps\images\d722a3a383.png,,electron microscopy,512,512,15,0.12435150146484375
c6ea896731,emps,10.1016.j.ceramint.2020.02.164,train,C:\Users\user1\Desktop\Homework\בוטקאמפ\AMAT_4_Chana\src\data\..\..\src\data\sources\..\..\..\..\AMAT\amat4-week1\emps\images\c6ea896731.png,,electron microscopy,512,769,2,0.13059523325747724
ce6d981687,emps,10.1016.j.ceramint.2019.12.153,validation,C:\Users\user1\Desktop\Homework\בוטקאמפ\AMAT_4_Chana\src\data\..\..\src\data\sources\..\..\..\..\AMAT\amat4-week1\emps\images\ce6d981687.png,,electron microscopy,512,766,4,0.13371766889686684
dc20484021,emps,10.1016.j.ceramint.2019.12.153,validation,C:\Users\user1\Desktop\Homework\בוטקאמפ\AMAT_4_Chana\src\data\..\..\src\data\sources\..\..\..\..\AMAT\amat4-week1\emps\images\dc20484021.png,,electron microscopy,512,751,1,0.1312962924434088
4d951b622f,emps,10.1016.j.ceramint.2019.10.198,test,C:\Users\user1\Desktop\Homework\בוטקאמפ\AMAT_4_Chana\src\data\..\..\src\data\sources\..\..\..\..\AMAT\amat4-week1\emps\images\4d951b622f.png,,electron microscopy,512,768,5,0.1196441650390625
0384c4e782,emps,10.1016.j.ceramint.2019.10.198,test,C:\Users\user1\Desktop\Homework\בוטקאמפ\AMAT_4_Chana\src\data\..\..\src\data\sources\..\..\..\..\AMAT\amat4-week1\emps\images\0384c4e782.png,,electron microscopy,512,767,5,0.12275658001955672
9246d32fe0,emps,10.1016.j.ceramint.2019.10.198,test,C:\Users\user1\Desktop\Homework\בוטקאמפ\AMAT_4_Chana\src\data\..\..\src\data\sources\..\..\..\..\AMAT\amat4-week1\emps\images\9246d32fe0.png,,electron microscopy,512,766,48,0.11925026517624021
22d5aab090,emps,10.1016.j.ceramint.2019.10.198,test,C:\Users\user1\Desktop\Homework\בוטקאמפ\AMAT_4_Chana\src\data\..\..\src\data\sources\..\..\..\..\AMAT\amat4-week1\emps\images\22d5aab090.png,,electron microscopy,512,772,60,0.11752904387953368
78b42bc5e8,emps,10.1016.j.ceramint.2019.10.126,train,C:\Users\user1\Desktop\Homework\בוטקאמפ\AMAT_4_Chana\src\data\..\..\src\data\sources\..\..\..\..\AMAT\amat4-week1\emps\images\78b42bc5e8.png,,electron microscopy,512,636,174,0.12647712755503146
2e4a3ab627,emps,10.1016.j.ceramint.2019.10.044,train,C:\Users\user1\Desktop\Homework\בוטקאמפ\AMAT_4_Chana\src\data\..\..\src\data\sources\..\..\..\..\AMAT\amat4-week1\emps\images\2e4a3ab627.png,,electron microscopy,512,774,30,0.12993075742894056
b996f341bd,emps,10.1016.j.ceramint.2019.06.060,train,C:\Users\user1\Desktop\Homework\בוטקאמפ\AMAT_4_Chana\src\data\..\..\src\data\sources\..\..\..\..\AMAT\amat4-week1\emps\images\b996f341bd.png,,electron microscopy,512,730,22,0.15318386130136985
8e68b05e0e,emps,10.1016.j.ceramint.2019.01.145,train,C:\Users\user1\Desktop\Homework\בוטקאמפ\AMAT_4_Chana\src\data\..\..\src\data\sources\..\..\..\..\AMAT\amat4-week1\emps\images\8e68b05e0e.png,,electron microscopy,512,620,5,0.12963709677419355
00655d9628,emps,10.1016.j.cej.2020.125371,train,C:\Users\user1\Desktop\Homework\בוטקאמפ\AMAT_4_Chana\src\data\..\..\src\data\sources\..\..\..\..\AMAT\amat4-week1\emps\images\00655d9628.png,,electron microscopy,515,512,4,0.13120449029126213
1d67fb3321,emps,10.1016.j.cej.2020.125371,train,C:\Users\user1\Desktop\Homework\בוטקאמפ\AMAT_4_Chana\src\data\..\..\src\data\sources\..\..\..\..\AMAT\amat4-week1\emps\images\1d67fb3321.png,,electron microscopy,512,512,6,0.131744384765625
1206963ed7,emps,10.1016.j.cej.2020.125371,train,C:\Users\user1\Desktop\Homework\בוטקאמפ\AMAT_4_Chana\src\data\..\..\src\data\sources\..\..\..\..\AMAT\amat4-week1\emps\images\1206963ed7.png,,electron microscopy,513,512,8,0.1290547331871345
d8eff0e0bd,emps,10.1016.j.cej.2020.125280,validation,C:\Users\user1\Desktop\Homework\בוטקאמפ\AMAT_4_Chana\src\data\..\..\src\data\sources\..\..\..\..\AMAT\amat4-week1\emps\images\d8eff0e0bd.png,,electron microscopy,512,655,2,0.1358957538167939
ce46819633,emps,10.1016.j.cej.2020.125194,validation,C:\Users\user1\Desktop\Homework\בוטקאמפ\AMAT_4_Chana\src\data\..\..\src\data\sources\..\..\..\..\AMAT\amat4-week1\emps\images\ce46819633.png,,electron microscopy,512,765,6,0.13467371323529412
f58490bdaf,emps,10.1016.j.cej.2020.125194,validation,C:\Users\user1\Desktop\Homework\בוטקאמפ\AMAT_4_Chana\src\data\..\..\src\data\sources\..\..\..\..\AMAT\amat4-week1\emps\images\f58490bdaf.png,,electron microscopy,512,770,4,0.1352247362012987
42750053e0,emps,10.1016.j.cej.2020.125117,train,C:\Users\user1\Desktop\Homework\בוטקאמפ\AMAT_4_Chana\src\data\..\..\src\data\sources\..\..\..\..\AMAT\amat4-week1\emps\images\42750053e0.png,,electron microscopy,512,512,5,0.12258148193359375
9928dad0ac,emps,10.1016.j.cej.2020.124707,train,C:\Users\user1\Desktop\Homework\בוטקאמפ\AMAT_4_Chana\src\data\..\..\src\data\sources\..\..\..\..\AMAT\amat4-week1\emps\images\9928dad0ac.png,,electron microscopy,512,512,12,0.1291351318359375
c61a50a061,emps,10.1016.j.cej.2020.124676,test,C:\Users\user1\Desktop\Homework\בוטקאמפ\AMAT_4_Chana\src\data\..\..\src\data\sources\..\..\..\..\AMAT\amat4-week1\emps\images\c61a50a061.png,,electron microscopy,512,598,125,0.12604841659698995
60c63e2383,emps,10.1016.j.cej.2020.124676,test,C:\Users\user1\Desktop\Homework\בוטקאמפ\AMAT_4_Chana\src\data\..\..\src\data\sources\..\..\..\..\AMAT\amat4-week1\emps\images\60c63e2383.png,,electron microscopy,512,614,162,0.11991996640879479
2242820128,emps,10.1016.j.cej.2020.124096,train,C:\Users\user1\Desktop\Homework\בוטקאמפ\AMAT_4_Chana\src\data\..\..\src\data\sources\..\..\..\..\AMAT\amat4-week1\emps\images\2242820128.png,,electron microscopy,512,682,10,0.13770963159824046
4cd9e65aae,emps,10.1016.j.cej.2020.124096,train,C:\Users\user1\Desktop\Homework\בוטקאמפ\AMAT_4_Chana\src\data\..\..\src\data\sources\..\..\..\..\AMAT\amat4-week1\emps\images\4cd9e65aae.png,,electron microscopy,512,682,23,0.1393190982404692
78847f96ee,emps,10.1016.j.cej.2019.123984,train,C:\Users\user1\Desktop\Homework\בוטקאמפ\AMAT_4_Chana\src\data\..\..\src\data\sources\..\..\..\..\AMAT\amat4-week1\emps\images\78847f96ee.png,,electron microscopy,512,690,18,0.13544214221014492
f77a745ba2,emps,10.1016.j.cej.2019.123835,test,C:\Users\user1\Desktop\Homework\בוטקאמפ\AMAT_4_Chana\src\data\..\..\src\data\sources\..\..\..\..\AMAT\amat4-week1\emps\images\f77a745ba2.png,,electron microscopy,512,691,1,0.1348419410274964
7a48f5b4d5,emps,10.1016.j.cej.2019.123671,train,C:\Users\user1\Desktop\Homework\בוטקאמפ\AMAT_4_Chana\src\data\..\..\src\data\sources\..\..\..\..\AMAT\amat4-week1\emps\images\7a48f5b4d5.png,,electron microscopy,512,513,1,0.12535788255360625
5737e0c2c7,emps,10.1016.j.cej.2019.123671,train,C:\Users\user1\Desktop\Homework\בוטקאמפ\AMAT_4_Chana\src\data\..\..\src\data\sources\..\..\..\..\AMAT\amat4-week1\emps\images\5737e0c2c7.png,,electron microscopy,512,513,8,0.1286549707602339
7ea28e7e54,emps,10.1016.j.cej.2019.122990,train,C:\Users\user1\Desktop\Homework\בוטקאמפ\AMAT_4_Chana\src\data\..\..\src\data\sources\..\..\..\..\AMAT\amat4-week1\emps\images\7ea28e7e54.png,,electron microscopy,512,776,42,0.12862183875644329
9fa90de188,emps,10.1016.j.cej.2019.122990,train,C:\Users\user1\Desktop\Homework\בוטקאמפ\AMAT_4_Chana\src\data\..\..\src\data\sources\..\..\..\..\AMAT\amat4-week1\emps\images\9fa90de188.png,,electron microscopy,512,773,38,0.20903743531694696
226dc58f03,emps,10.1016.j.cej.2019.122990,train,C:\Users\user1\Desktop\Homework\בוטקאמפ\AMAT_4_Chana\src\data\..\..\src\data\sources\..\..\..\..\AMAT\amat4-week1\emps\images\226dc58f03.png,,electron microscopy,512,778,32,0.12881085314910026
3a9246e0ee,emps,10.1016.j.cej.2019.122990,train,C:\Users\user1\Desktop\Homework\בוטקאמפ\AMAT_4_Chana\src\data\..\..\src\data\sources\..\..\..\..\AMAT\amat4-week1\emps\images\3a9246e0ee.png,,electron microscopy,512,772,24,0.18214914588730569
891f96f60d,emps,10.1016.j.cej.2019.122990,train,C:\Users\user1\Desktop\Homework\בוטקאמפ\AMAT_4_Chana\src\data\..\..\src\data\sources\..\..\..\..\AMAT\amat4-week1\emps\images\891f96f60d.png,,electron microscopy,512,777,13,0.1321036438223938
f659af19da,emps,10.1016.j.cej.2019.122990,train,C:\Users\user1\Desktop\Homework\בוטקאמפ\AMAT_4_Chana\src\data\..\..\src\data\sources\..\..\..\..\AMAT\amat4-week1\emps\images\f659af19da.png,,electron microscopy,512,768,35,0.1298955281575521
8e50748a7b,emps,10.1016.j.cej.2019.122855,train,C:\Users\user1\Desktop\Homework\בוטקאמפ\AMAT_4_Chana\src\data\..\..\src\data\sources\..\..\..\..\AMAT\amat4-week1\emps\images\8e50748a7b.png,,electron microscopy,512,674,6,0.12391332066023739
f0522acde8,emps,10.1016.j.cej.2019.122855,train,C:\Users\user1\Desktop\Homework\בוטקאמפ\AMAT_4_Chana\src\data\..\..\src\data\sources\..\..\..\..\AMAT\amat4-week1\emps\images\f0522acde8.png,,electron microscopy,512,679,15,0.1274478783136966
9c9d1af243,emps,10.1016.j.cej.2019.122852,train,C:\Users\user1\Desktop\Homework\בוטקאמפ\AMAT_4_Chana\src\data\..\..\src\data\sources\..\..\..\..\AMAT\amat4-week1\emps\images\9c9d1af243.png,,electron microscopy,512,513,1,0.12559774000974658
aa968ec1b2,emps,10.1016.j.cej.2019.122762,train,C:\Users\user1\Desktop\Homework\בוטקאמפ\AMAT_4_Chana\src\data\..\..\src\data\sources\..\..\..\..\AMAT\amat4-week1\emps\images\aa968ec1b2.png,,electron microscopy,512,741,2,0.1484269568151147
864a2a6ccf,emps,10.1016.j.cej.2019.122595,train,C:\Users\user1\Desktop\Homework\בוטקאמפ\AMAT_4_Chana\src\data\..\..\src\data\sources\..\..\..\..\AMAT\amat4-week1\emps\images\864a2a6ccf.png,,electron microscopy,512,656,1,0.12906702553353658
c88cae3e95,emps,10.1016.j.cej.2019.122389,train,C:\Users\user1\Desktop\Homework\בוטקאמפ\AMAT_4_Chana\src\data\..\..\src\data\sources\..\..\..\..\AMAT\amat4-week1\emps\images\c88cae3e95.png,,electron microscopy,512,628,7,0.1632134504378981
e1adc2ba25,emps,10.1016.j.cej.2019.122175,train,C:\Users\user1\Desktop\Homework\בוטקאמפ\AMAT_4_Chana\src\data\..\..\src\data\sources\..\..\..\..\AMAT\amat4-week1\emps\images\e1adc2ba25.png,,electron microscopy,512,701,16,0.13309390602710414
b4ab2ea927,emps,10.1016.j.cej.2019.122175,train,C:\Users\user1\Desktop\Homework\בוטקאמפ\AMAT_4_Chana\src\data\..\..\src\data\sources\..\..\..\..\AMAT\amat4-week1\emps\images\b4ab2ea927.png,,electron microscopy,512,699,20,0.1325638188483548
fab3633337,emps,10.1016.j.cej.2019.03.083,validation,C:\Users\user1\Desktop\Homework\בוטקאמפ\AMAT_4_Chana\src\data\..\..\src\data\sources\..\..\..\..\AMAT\amat4-week1\emps\images\fab3633337.png,,electron microscopy,517,512,1,0.13535874032882012
0a55e7c93f,emps,10.1016.j.cej.2018.10.213,train,C:\Users\user1\Desktop\Homework\בוטקאמפ\AMAT_4_Chana\src\data\..\..\src\data\sources\..\..\..\..\AMAT\amat4-week1\emps\images\0a55e7c93f.png,,electron microscopy,512,683,24,0.12940668466325037
f447a36b0b,emps,10.1016.j.cclet.2019.07.024,train,C:\Users\user1\Desktop\Homework\בוטקאמפ\AMAT_4_Chana\src\data\..\..\src\data\sources\..\..\..\..\AMAT\amat4-week1\emps\images\f447a36b0b.png,,electron microscopy,512,658,9,0.13198138297872342
8cee575b39,emps,10.1016.j.cclet.2019.02.006,validation,C:\Users\user1\Desktop\Homework\בוטקאמפ\AMAT_4_Chana\src\data\..\..\src\data\sources\..\..\..\..\AMAT\amat4-week1\emps\images\8cee575b39.png,,electron microscopy,512,595,16,0.2565684086134454
4e13b5c5f8,emps,10.1016.j.cclet.2019.01.002,test,C:\Users\user1\Desktop\Homework\בוטקאמפ\AMAT_4_Chana\src\data\..\..\src\data\sources\..\..\..\..\AMAT\amat4-week1\emps\images\4e13b5c5f8.png,,electron microscopy,512,557,7,0.13962564519748655
bc5529f7ca,emps,10.1016.j.carbpol.2020.116105,train,C:\Users\user1\Desktop\Homework\בוטקאמפ\AMAT_4_Chana\src\data\..\..\src\data\sources\..\..\..\..\AMAT\amat4-week1\emps\images\bc5529f7ca.png,,electron microscopy,512,682,3,0.13366019061583578
48f3a148f6,emps,10.1016.j.carbpol.2019.115709,train,C:\Users\user1\Desktop\Homework\בוטקאמפ\AMAT_4_Chana\src\data\..\..\src\data\sources\..\..\..\..\AMAT\amat4-week1\emps\images\48f3a148f6.png,,electron microscopy,512,779,5,0.1671990332156611
e211d9d7ac,emps,10.1016.j.carbpol.2019.115709,train,C:\Users\user1\Desktop\Homework\בוטקאמפ\AMAT_4_Chana\src\data\..\..\src\data\sources\..\..\..\..\AMAT\amat4-week1\emps\images\e211d9d7ac.png,,electron microscopy,512,772,5,0.21959247490284975
5a25d179cc,emps,10.1016.j.carbpol.2019.115252,test,C:\Users\user1\Desktop\Homework\בוטקאמפ\AMAT_4_Chana\src\data\..\..\src\data\sources\..\..\..\..\AMAT\amat4-week1\emps\images\5a25d179cc.png,,electron microscopy,512,733,4,0.12686519440654842
03cd0b2741,emps,10.1016.j.carbpol.2019.115128,train,C:\Users\user1\Desktop\Homework\בוטקאמפ\AMAT_4_Chana\src\data\..\..\src\data\sources\..\..\..\..\AMAT\amat4-week1\emps\images\03cd0b2741.png,,electron microscopy,512,514,4,0.13285049854085604
d29d644539,emps,10.1016.j.carbpol.2018.11.033,train,C:\Users\user1\Desktop\Homework\בוטקאמפ\AMAT_4_Chana\src\data\..\..\src\data\sources\..\..\..\..\AMAT\amat4-week1\emps\images\d29d644539.png,,electron microscopy,512,589,3,0.12536144418505943
513158cf83,emps,10.1016.j.carbpol.2018.11.033,train,C:\Users\user1\Desktop\Homework\בוטקאמפ\AMAT_4_Chana\src\data\..\..\src\data\sources\..\..\..\..\AMAT\amat4-week1\emps\images\513158cf83.png,,electron microscopy,512,612,4,0.12907539317810457
5addfe7111,emps,10.1016.j.carbpol.2018.09.089,train,C:\Users\user1\Desktop\Homework\בוטקאמפ\AMAT_4_Chana\src\data\..\..\src\data\sources\..\..\..\..\AMAT\amat4-week1\emps\images\5addfe7111.png,,electron microscopy,512,768,5,0.12285868326822917
ffae2f363e,emps,10.1016.j.carbon.2020.05.073,test,C:\Users\user1\Desktop\Homework\בוטקאמפ\AMAT_4_Chana\src\data\..\..\src\data\sources\..\..\..\..\AMAT\amat4-week1\emps\images\ffae2f363e.png,,electron microscopy,512,520,1,0.13493088942307693
e2d9d3d783,emps,10.1016.j.carbon.2020.05.073,test,C:\Users\user1\Desktop\Homework\בוטקאמפ\AMAT_4_Chana\src\data\..\..\src\data\sources\..\..\..\..\AMAT\amat4-week1\emps\images\e2d9d3d783.png,,electron microscopy,512,518,1,0.13539907094594594
c812c93fbd,emps,10.1016.j.carbon.2019.12.021,train,C:\Users\user1\Desktop\Homework\בוטקאמפ\AMAT_4_Chana\src\data\..\..\src\data\sources\..\..\..\..\AMAT\amat4-week1\emps\images\c812c93fbd.png,,electron microscopy,512,547,2,0.1297703382084095
b85f5e414c,emps,10.1016.j.carbon.2019.12.021,train,C:\Users\user1\Desktop\Homework\בוטקאמפ\AMAT_4_Chana\src\data\..\..\src\data\sources\..\..\..\..\AMAT\amat4-week1\emps\images\b85f5e414c.png,,electron microscopy,512,552,1,0.1277810801630435
d933f429cc,emps,10.1016.j.carbon.2019.12.021,train,C:\Users\user1\Desktop\Homework\בוטקאמפ\AMAT_4_Chana\src\data\..\..\src\data\sources\..\..\..\..\AMAT\amat4-week1\emps\images\d933f429cc.png,,electron microscopy,512,547,1,0.13330167390310785
41c25dca24,emps,10.1016.j.carbon.2019.12.021,train,C:\Users\user1\Desktop\Homework\בוטקאמפ\AMAT_4_Chana\src\data\..\..\src\data\sources\..\..\..\..\AMAT\amat4-week1\emps\images\41c25dca24.png,,electron microscopy,512,550,1,0.14330610795454546
854de5be19,emps,10.1016.j.carbon.2019.11.046,validation,C:\Users\user1\Desktop\Homework\בוטקאמפ\AMAT_4_Chana\src\data\..\..\src\data\sources\..\..\..\..\AMAT\amat4-week1\emps\images\854de5be19.png,,electron microscopy,519,512,5,0.14590859826589594
d822219f76,emps,10.1016.j.carbon.2019.09.041,train,C:\Users\user1\Desktop\Homework\בוטקאמפ\AMAT_4_Chana\src\data\..\..\src\data\sources\..\..\..\..\AMAT\amat4-week1\emps\images\d822219f76.png,,electron microscopy,512,777,2,0.15600365990990991
1bed563906,emps,10.1016.j.cap.2019.11.012,validation,C:\Users\user1\Desktop\Homework\בוטקאמפ\AMAT_4_Chana\src\data\..\..\src\data\sources\..\..\..\..\AMAT\amat4-week1\emps\images\1bed563906.png,,electron microscopy,512,517,2,0.1814932906189555
40afb05b44,emps,10.1016.j.bsecv.2020.03.004,test,C:\Users\user1\Desktop\Homework\בוטקאמפ\AMAT_4_Chana\src\data\..\..\src\data\sources\..\..\..\..\AMAT\amat4-week1\emps\images\40afb05b44.png,,electron microscopy,512,684,72,0.12793825383771928
b616ffa779,emps,10.1016.j.bios.2019.111970,train,C:\Users\user1\Desktop\Homework\בוטקאמפ\AMAT_4_Chana\src\data\..\..\src\data\sources\..\..\..\..\AMAT\amat4-week1\emps\images\b616ffa779.png,,electron microscopy,512,519,2,0.1314652577071291
0113230c21,emps,10.1016.j.bios.2019.111960,validation,C:\Users\user1\Desktop\Homework\בוטקאמפ\AMAT_4_Chana\src\data\..\..\src\data\sources\..\..\..\..\AMAT\amat4-week1\emps\images\0113230c21.png,,electron microscopy,512,680,9,0.12372759650735295
89e4044418,emps,10.1016.j.bios.2019.111945,train,C:\Users\user1\Desktop\Homework\בוטקאמפ\AMAT_4_Chana\src\data\..\..\src\data\sources\..\..\..\..\AMAT\amat4-week1\emps\images\89e4044418.png,,electron microscopy,512,550,31,0.12689985795454545
30da4fa249,emps,10.1016.j.bios.2019.111800,train,C:\Users\user1\Desktop\Homework\בוטקאמפ\AMAT_4_Chana\src\data\..\..\src\data\sources\..\..\..\..\AMAT\amat4-week1\emps\images\30da4fa249.png,,electron microscopy,512,544,7,0.13160974839154413
516b2f0aa8,emps,10.1016.j.bios.2019.111790,test,C:\Users\user1\Desktop\Homework\בוטקאמפ\AMAT_4_Chana\src\data\..\..\src\data\sources\..\..\..\..\AMAT\amat4-week1\emps\images\516b2f0aa8.png,,electron microscopy,512,512,18,0.12647628784179688
62a54f335d,emps,10.1016.j.bios.2019.111452,train,C:\Users\user1\Desktop\Homework\בוטקאמפ\AMAT_4_Chana\src\data\..\..\src\data\sources\..\..\..\..\AMAT\amat4-week1\emps\images\62a54f335d.png,,electron microscopy,512,730,52,0.12547624143835617
c0fcfec15c,emps,10.1016.j.bios.2019.111355,test,C:\Users\user1\Desktop\Homework\בוטקאמפ\AMAT_4_Chana\src\data\..\..\src\data\sources\..\..\..\..\AMAT\amat4-week1\emps\images\c0fcfec15c.png,,electron microscopy,512,625,4,0.132815625
a880175367,emps,10.1016.j.bios.2019.03.059,test,C:\Users\user1\Desktop\Homework\בוטקאמפ\AMAT_4_Chana\src\data\..\..\src\data\sources\..\..\..\..\AMAT\amat4-week1\emps\images\a880175367.png,,electron microscopy,512,513,8,0.1266371223196881
e7187b91bf,emps,10.1016.j.bios.2019.03.059,test,C:\Users\user1\Desktop\Homework\בוטקאמפ\AMAT_4_Chana\src\data\..\..\src\data\sources\..\..\..\..\AMAT\amat4-week1\emps\images\e7187b91bf.png,,electron microscopy,513,512,1,0.13429352461013644
cd48200d46,emps,10.1016.j.bios.2019.01.027,train,C:\Users\user1\Desktop\Homework\בוטקאמפ\AMAT_4_Chana\src\data\..\..\src\data\sources\..\..\..\..\AMAT\amat4-week1\emps\images\cd48200d46.png,,electron microscopy,512,741,26,0.12811287533738192
257e44104b,emps,10.1016.j.bios.2018.10.033,test,C:\Users\user1\Desktop\Homework\בוטקאמפ\AMAT_4_Chana\src\data\..\..\src\data\sources\..\..\..\..\AMAT\amat4-week1\emps\images\257e44104b.png,,electron microscopy,512,565,20,0.12968404314159293
2d6f268052,emps,10.1016.j.bios.2018.10.033,test,C:\Users\user1\Desktop\Homework\בוטקאמפ\AMAT_4_Chana\src\data\..\..\src\data\sources\..\..\..\..\AMAT\amat4-week1\emps\images\2d6f268052.png,,electron microscopy,512,545,14,0.1258278383027523
bb3d8c922b,emps,10.1016.j.biopha.2018.11.093,train,C:\Users\user1\Desktop\Homework\בוטקאמפ\AMAT_4_Chana\src\data\..\..\src\data\sources\..\..\..\..\AMAT\amat4-week1\emps\images\bb3d8c922b.png,,electron microscopy,512,744,10,0.12516801075268819
a027b64ae9,emps,10.1016.j.biomaterials.2020.120167,train,C:\Users\user1\Desktop\Homework\בוטקאמפ\AMAT_4_Chana\src\data\..\..\src\data\sources\..\..\..\..\AMAT\amat4-week1\emps\images\a027b64ae9.png,,electron microscopy,512,514,11,0.127192515807393
406975041a,emps,10.1016.j.biomaterials.2020.120167,train,C:\Users\user1\Desktop\Homework\בוטקאמפ\AMAT_4_Chana\src\data\..\..\src\data\sources\..\..\..\..\AMAT\amat4-week1\emps\images\406975041a.png,,electron microscopy,512,513,57,0.12669803849902533
0144266d21,emps,10.1016.j.biomaterials.2019.119479,train,C:\Users\user1\Desktop\Homework\בוטקאמפ\AMAT_4_Chana\src\data\..\..\src\data\sources\..\..\..\..\AMAT\amat4-week1\emps\images\0144266d21.png,,electron microscopy,514,512,2,0.12248449659533074
173c98ef82,emps,10.1016.j.biomaterials.2019.119264,train,C:\Users\user1\Desktop\Homework\בוטקאמפ\AMAT_4_Chana\src\data\..\..\src\data\sources\..\..\..\..\AMAT\amat4-week1\emps\images\173c98ef82.png,,electron microscopy,512,668,35,0.1307307260479042
76dde347fc,emps,10.1016.j.bcab.2020.101627,train,C:\Users\user1\Desktop\Homework\בוטקאמפ\AMAT_4_Chana\src\data\..\..\src\data\sources\..\..\..\..\AMAT\amat4-week1\emps\images\76dde347fc.png,,electron microscopy,512,512,5,0.12786102294921875
3a8af6d3f4,emps,10.1016.j.bcab.2020.101627,train,C:\Users\user1\Desktop\Homework\בוטקאמפ\AMAT_4_Chana\src\data\..\..\src\data\sources\..\..\..\..\AMAT\amat4-week1\emps\images\3a8af6d3f4.png,,electron microscopy,512,512,12,0.12669754028320312
f28b702df5,emps,10.1016.j.archoralbio.2019.03.022,test,C:\Users\user1\Desktop\Homework\בוטקאמפ\AMAT_4_Chana\src\data\..\..\src\data\sources\..\..\..\..\AMAT\amat4-week1\emps\images\f28b702df5.png,,electron microscopy,512,715,6,0.12888166520979022
b19f6f3309,emps,10.1016.j.arabjc.2016.04.004,train,C:\Users\user1\Desktop\Homework\בוטקאמפ\AMAT_4_Chana\src\data\..\..\src\data\sources\..\..\..\..\AMAT\amat4-week1\emps\images\b19f6f3309.png,,electron microscopy,512,620,2,0.13064201108870968
58e8237dab,emps,10.1016.j.apt.2019.10.001,train,C:\Users\user1\Desktop\Homework\בוטקאמפ\AMAT_4_Chana\src\data\..\..\src\data\sources\..\..\..\..\AMAT\amat4-week1\emps\images\58e8237dab.png,,electron microscopy,512,763,3,0.13418967070773263
d90c9c5b72,emps,10.1016.j.apt.2019.10.001,train,C:\Users\user1\Desktop\Homework\בוטקאמפ\AMAT_4_Chana\src\data\..\..\src\data\sources\..\..\..\..\AMAT\amat4-week1\emps\images\d90c9c5b72.png,,electron microscopy,512,759,3,0.14938704298418973
a9a628444d,emps,10.1016.j.apt.2019.10.001,train,C:\Users\user1\Desktop\Homework\בוטקאמפ\AMAT_4_Chana\src\data\..\..\src\data\sources\..\..\..\..\AMAT\amat4-week1\emps\images\a9a628444d.png,,electron microscopy,512,765,35,0.13203635620915033
8b7ce99d43,emps,10.1016.j.apt.2019.10.001,train,C:\Users\user1\Desktop\Homework\בוטקאמפ\AMAT_4_Chana\src\data\..\..\src\data\sources\..\..\..\..\AMAT\amat4-week1\emps\images\8b7ce99d43.png,,electron microscopy,512,697,7,0.134653537482066
4b07dbd803,emps,10.1016.j.apsusc.2020.146597,train,C:\Users\user1\Desktop\Homework\בוטקאמפ\AMAT_4_Chana\src\data\..\..\src\data\sources\..\..\..\..\AMAT\amat4-week1\emps\images\4b07dbd803.png,,electron microscopy,512,772,13,0.13389279064119172
404b0836f1,emps,10.1016.j.apsusc.2020.146005,train,C:\Users\user1\Desktop\Homework\בוטקאמפ\AMAT_4_Chana\src\data\..\..\src\data\sources\..\..\..\..\AMAT\amat4-week1\emps\images\404b0836f1.png,,electron microscopy,512,515,20,0.137890625
478a6c42ec,emps,10.1016.j.apsusc.2020.146005,train,C:\Users\user1\Desktop\Homework\בוטקאמפ\AMAT_4_Chana\src\data\..\..\src\data\sources\..\..\..\..\AMAT\amat4-week1\emps\images\478a6c42ec.png,,electron microscopy,512,512,13,0.14476776123046875
6db657d4f7,emps,10.1016.j.apsusc.2020.145894,validation,C:\Users\user1\Desktop\Homework\בוטקאמפ\AMAT_4_Chana\src\data\..\..\src\data\sources\..\..\..\..\AMAT\amat4-week1\emps\images\6db657d4f7.png,,electron microscopy,512,513,1,0.1317198160331384
2897b777fe,emps,10.1016.j.apsusc.2020.145778,train,C:\Users\user1\Desktop\Homework\בוטקאמפ\AMAT_4_Chana\src\data\..\..\src\data\sources\..\..\..\..\AMAT\amat4-week1\emps\images\2897b777fe.png,,electron microscopy,512,626,5,0.20838221345846644
82c99bbb53,emps,10.1016.j.apsusc.2020.145778,train,C:\Users\user1\Desktop\Homework\בוטקאמפ\AMAT_4_Chana\src\data\..\..\src\data\sources\..\..\..\..\AMAT\amat4-week1\emps\images\82c99bbb53.png,,electron microscopy,512,627,1,0.22994853967304626
207bb15702,emps,10.1016.j.apsusc.2020.145360,validation,C:\Users\user1\Desktop\Homework\בוטקאמפ\AMAT_4_Chana\src\data\..\..\src\data\sources\..\..\..\..\AMAT\amat4-week1\emps\images\207bb15702.png,,electron microscopy,512,743,8,0.132339333781965
ce2f96aae1,emps,10.1016.j.apsusc.2020.145360,validation,C:\Users\user1\Desktop\Homework\בוטקאמפ\AMAT_4_Chana\src\data\..\..\src\data\sources\..\..\..\..\AMAT\amat4-week1\emps\images\ce2f96aae1.png,,electron microscopy,512,740,14,0.13953494510135134
7f1a5b0782,emps,10.1016.j.apsusc.2020.145360,validation,C:\Users\user1\Desktop\Homework\בוטקאמפ\AMAT_4_Chana\src\data\..\..\src\data\sources\..\..\..\..\AMAT\amat4-week1\emps\images\7f1a5b0782.png,,electron microscopy,512,776,2,0.13161193218427836
ce41e4e56d,emps,10.1016.j.apsusc.2020.145360,validation,C:\Users\user1\Desktop\Homework\בוטקאמפ\AMAT_4_Chana\src\data\..\..\src\data\sources\..\..\..\..\AMAT\amat4-week1\emps\images\ce41e4e56d.png,,electron microscopy,512,738,37,0.13718188939701897
7988097925,emps,10.1016.j.apsusc.2020.145360,validation,C:\Users\user1\Desktop\Homework\בוטקאמפ\AMAT_4_Chana\src\data\..\..\src\data\sources\..\..\..\..\AMAT\amat4-week1\emps\images\7988097925.png,,electron microscopy,512,745,25,0.13154362416107382
15a3ba1c51,emps,10.1016.j.apsusc.2020.145360,validation,C:\Users\user1\Desktop\Homework\בוטקאמפ\AMAT_4_Chana\src\data\..\..\src\data\sources\..\..\..\..\AMAT\amat4-week1\emps\images\15a3ba1c51.png,,electron microscopy,512,741,25,0.14374841852226722
c5c0825297,emps,10.1016.j.apsusc.2020.145360,validation,C:\Users\user1\Desktop\Homework\בוטקאמפ\AMAT_4_Chana\src\data\..\..\src\data\sources\..\..\..\..\AMAT\amat4-week1\emps\images\c5c0825297.png,,electron microscopy,512,739,36,0.12871860199594046
e83de4878a,emps,10.1016.j.apsusc.2020.145360,validation,C:\Users\user1\Desktop\Homework\בוטקאמפ\AMAT_4_Chana\src\data\..\..\src\data\sources\..\..\..\..\AMAT\amat4-week1\emps\images\e83de4878a.png,,electron microscopy,512,741,23,0.14295504385964913
f5235de51f,emps,10.1016.j.apsusc.2020.145360,validation,C:\Users\user1\Desktop\Homework\בוטקאמפ\AMAT_4_Chana\src\data\..\..\src\data\sources\..\..\..\..\AMAT\amat4-week1\emps\images\f5235de51f.png,,electron microscopy,512,750,8,0.13024479166666666
85a5d4d8b9,emps,10.1016.j.apsusc.2020.145360,validation,C:\Users\user1\Desktop\Homework\בוטקאמפ\AMAT_4_Chana\src\data\..\..\src\data\sources\..\..\..\..\AMAT\amat4-week1\emps\images\85a5d4d8b9.png,,electron microscopy,512,737,7,0.15495940044097695
f6e0ae6378,emps,10.1016.j.apsusc.2020.145360,validation,C:\Users\user1\Desktop\Homework\בוטקאמפ\AMAT_4_Chana\src\data\..\..\src\data\sources\..\..\..\..\AMAT\amat4-week1\emps\images\f6e0ae6378.png,,electron microscopy,512,739,30,0.13811157391745602
398ae34c19,emps,10.1016.j.apsusc.2020.145360,validation,C:\Users\user1\Desktop\Homework\בוטקאמפ\AMAT_4_Chana\src\data\..\..\src\data\sources\..\..\..\..\AMAT\amat4-week1\emps\images\398ae34c19.png,,electron microscopy,512,746,31,0.13087770191018766
0a30487a4e,emps,10.1016.j.apsusc.2020.145354,train,C:\Users\user1\Desktop\Homework\בוטקאמפ\AMAT_4_Chana\src\data\..\..\src\data\sources\..\..\..\..\AMAT\amat4-week1\emps\images\0a30487a4e.png,,electron microscopy,512,517,20,0.1315431576402321
23d581d8a9,emps,10.1016.j.apsusc.2020.145354,train,C:\Users\user1\Desktop\Homework\בוטקאמפ\AMAT_4_Chana\src\data\..\..\src\data\sources\..\..\..\..\AMAT\amat4-week1\emps\images\23d581d8a9.png,,electron microscopy,512,517,7,0.13037203820116053
22c776b059,emps,10.1016.j.apsusc.2020.145335,train,C:\Users\user1\Desktop\Homework\בוטקאמפ\AMAT_4_Chana\src\data\..\..\src\data\sources\..\..\..\..\AMAT\amat4-week1\emps\images\22c776b059.png,,electron microscopy,512,734,16,0.14735716110354224
848b740671,emps,10.1016.j.apsusc.2019.144631,validation,C:\Users\user1\Desktop\Homework\בוטקאמפ\AMAT_4_Chana\src\data\..\..\src\data\sources\..\..\..\..\AMAT\amat4-week1\emps\images\848b740671.png,,electron microscopy,512,666,1,0.1425370683183183
c7e9ec8d48,emps,10.1016.j.apsusc.2019.144631,validation,C:\Users\user1\Desktop\Homework\בוטקאמפ\AMAT_4_Chana\src\data\..\..\src\data\sources\..\..\..\..\AMAT\amat4-week1\emps\images\c7e9ec8d48.png,,electron microscopy,512,769,3,0.15390828185955788
8f9db31734,emps,10.1016.j.apsusc.2019.144113,test,C:\Users\user1\Desktop\Homework\בוטקאמפ\AMAT_4_Chana\src\data\..\..\src\data\sources\..\..\..\..\AMAT\amat4-week1\emps\images\8f9db31734.png,,electron microscopy,512,596,3,0.16699874161073824
b78bdee5d3,emps,10.1016.j.apsusc.2019.144113,test,C:\Users\user1\Desktop\Homework\בוטקאמפ\AMAT_4_Chana\src\data\..\..\src\data\sources\..\..\..\..\AMAT\amat4-week1\emps\images\b78bdee5d3.png,,electron microscopy,512,594,6,0.13578164457070707
a2883fc6eb,emps,10.1016.j.apmt.2019.100497,test,C:\Users\user1\Desktop\Homework\בוטקאמפ\AMAT_4_Chana\src\data\..\..\src\data\sources\..\..\..\..\AMAT\amat4-week1\emps\images\a2883fc6eb.png,,electron microscopy,512,618,65,0.1330052841828479
6d1574872b,emps,10.1016.j.apmt.2019.07.017,train,C:\Users\user1\Desktop\Homework\בוטקאמפ\AMAT_4_Chana\src\data\..\..\src\data\sources\..\..\..\..\AMAT\amat4-week1\emps\images\6d1574872b.png,,electron microscopy,512,548,6,0.1256379733120438
41bb4d19a4,emps,10.1016.j.apmt.2019.07.017,train,C:\Users\user1\Desktop\Homework\בוטקאמפ\AMAT_4_Chana\src\data\..\..\src\data\sources\..\..\..\..\AMAT\amat4-week1\emps\images\41bb4d19a4.png,,electron microscopy,512,641,4,0.12432356669266771
032bd4a6b1,emps,10.1016.j.apmt.2019.07.017,train,C:\Users\user1\Desktop\Homework\בוטקאמפ\AMAT_4_Chana\src\data\..\..\src\data\sources\..\..\..\..\AMAT\amat4-week1\emps\images\032bd4a6b1.png,,electron microscopy,512,598,7,0.12992853783444816
9797ed1000,emps,10.1016.j.apmt.2019.07.017,train,C:\Users\user1\Desktop\Homework\בוטקאמפ\AMAT_4_Chana\src\data\..\..\src\data\sources\..\..\..\..\AMAT\amat4-week1\emps\images\9797ed1000.png,,electron microscopy,512,666,3,0.12771853885135134
fe76e94abf,emps,10.1016.j.apmt.2019.07.017,train,C:\Users\user1\Desktop\Homework\בוטקאמפ\AMAT_4_Chana\src\data\..\..\src\data\sources\..\..\..\..\AMAT\amat4-week1\emps\images\fe76e94abf.png,,electron microscopy,512,579,7,0.13013074805699482
ec62d76c0a,emps,10.1016.j.apcatb.2020.118805,train,C:\Users\user1\Desktop\Homework\בוטקאמפ\AMAT_4_Chana\src\data\..\..\src\data\sources\..\..\..\..\AMAT\amat4-week1\emps\images\ec62d76c0a.png,,electron microscopy,512,514,1,0.13355727140077822
af2a275342,emps,10.1016.j.apcatb.2020.118700,validation,C:\Users\user1\Desktop\Homework\בוטקאמפ\AMAT_4_Chana\src\data\..\..\src\data\sources\..\..\..\..\AMAT\amat4-week1\emps\images\af2a275342.png,,electron microscopy,512,769,6,0.12887577210663198
bc1fe886af,emps,10.1016.j.apcatb.2020.118606,test,C:\Users\user1\Desktop\Homework\בוטקאמפ\AMAT_4_Chana\src\data\..\..\src\data\sources\..\..\..\..\AMAT\amat4-week1\emps\images\bc1fe886af.png,,electron microscopy,512,1088,1,0.13478896197150736
728f55aed4,emps,10.1016.j.apcatb.2020.118606,test,C:\Users\user1\Desktop\Homework\בוטקאמפ\AMAT_4_Chana\src\data\..\..\src\data\sources\..\..\..\..\AMAT\amat4-week1\emps\images\728f55aed4.png,,electron microscopy,512,1027,1,0.13235607351509251
99eb4bad25,emps,10.1016.j.apcatb.2020.118606,test,C:\Users\user1\Desktop\Homework\בוטקאמפ\AMAT_4_Chana\src\data\..\..\src\data\sources\..\..\..\..\AMAT\amat4-week1\emps\images\99eb4bad25.png,,electron microscopy,512,512,8,0.11934661865234375
e4268d7502,emps,10.1016.j.apcatb.2019.118560,train,C:\Users\user1\Desktop\Homework\בוטקאמפ\AMAT_4_Chana\src\data\..\..\src\data\sources\..\..\..\..\AMAT\amat4-week1\emps\images\e4268d7502.png,,electron microscopy,546,512,1,0.12445269574175824
c1bfc4308b,emps,10.1016.j.apcatb.2019.118560,train,C:\Users\user1\Desktop\Homework\בוטקאמפ\AMAT_4_Chana\src\data\..\..\src\data\sources\..\..\..\..\AMAT\amat4-week1\emps\images\c1bfc4308b.png,,electron microscopy,512,611,18,0.126221102700491
dfeaa0d54b,emps,10.1016.j.apcatb.2019.118317,train,C:\Users\user1\Desktop\Homework\בוטקאמפ\AMAT_4_Chana\src\data\..\..\src\data\sources\..\..\..\..\AMAT\amat4-week1\emps\images\dfeaa0d54b.png,,electron microscopy,512,521,2,0.1427280770153551
6e16b7dcb7,emps,10.1016.j.apcatb.2019.118142,train,C:\Users\user1\Desktop\Homework\בוטקאמפ\AMAT_4_Chana\src\data\..\..\src\data\sources\..\..\..\..\AMAT\amat4-week1\emps\images\6e16b7dcb7.png,,electron microscopy,512,513,9,0.1354433174951267
f84ce9e349,emps,10.1016.j.apcatb.2019.01.021,train,C:\Users\user1\Desktop\Homework\בוטקאמפ\AMAT_4_Chana\src\data\..\..\src\data\sources\..\..\..\..\AMAT\amat4-week1\emps\images\f84ce9e349.png,,electron microscopy,512,519,179,0.13751655828516376
26e5f24689,emps,10.1016.j.apcatb.2018.11.039,train,C:\Users\user1\Desktop\Homework\בוטקאמפ\AMAT_4_Chana\src\data\..\..\src\data\sources\..\..\..\..\AMAT\amat4-week1\emps\images\26e5f24689.png,,electron microscopy,514,512,1,0.1300120075389105
2dadb1ced1,emps,10.1016.j.apcata.2019.117378,train,C:\Users\user1\Desktop\Homework\בוטקאמפ\AMAT_4_Chana\src\data\..\..\src\data\sources\..\..\..\..\AMAT\amat4-week1\emps\images\2dadb1ced1.png,,electron microscopy,512,661,1,0.13350096917549167
39b3a6db5e,emps,10.1016.j.ajps.2020.04.001,test,C:\Users\user1\Desktop\Homework\בוטקאמפ\AMAT_4_Chana\src\data\..\..\src\data\sources\..\..\..\..\AMAT\amat4-week1\emps\images\39b3a6db5e.png,,electron microscopy,512,518,1,0.13419250723938225
06f605c0b1,emps,10.1016.j.addma.2019.100919,train,C:\Users\user1\Desktop\Homework\בוטקאמפ\AMAT_4_Chana\src\data\..\..\src\data\sources\..\..\..\..\AMAT\amat4-week1\emps\images\06f605c0b1.png,,electron microscopy,512,737,4,0.12026691824966079
544b32e4cd,emps,10.1016.j.addma.2019.100919,train,C:\Users\user1\Desktop\Homework\בוטקאמפ\AMAT_4_Chana\src\data\..\..\src\data\sources\..\..\..\..\AMAT\amat4-week1\emps\images\544b32e4cd.png,,electron microscopy,512,735,7,0.12014508928571428
1ff313314c,emps,10.1016.j.actbio.2020.04.055,train,C:\Users\user1\Desktop\Homework\בוטקאמפ\AMAT_4_Chana\src\data\..\..\src\data\sources\..\..\..\..\AMAT\amat4-week1\emps\images\1ff313314c.png,,electron microscopy,514,512,1,0.12002979085603113
3a0a2f5edf,emps,10.1016.j.actbio.2020.04.055,train,C:\Users\user1\Desktop\Homework\בוטקאמפ\AMAT_4_Chana\src\data\..\..\src\data\sources\..\..\..\..\AMAT\amat4-week1\emps\images\3a0a2f5edf.png,,electron microscopy,512,515,1,0.12419599514563107
c3d3764a5a,emps,10.1016.j.actbio.2020.04.055,train,C:\Users\user1\Desktop\Homework\בוטקאמפ\AMAT_4_Chana\src\data\..\..\src\data\sources\..\..\..\..\AMAT\amat4-week1\emps\images\c3d3764a5a.png,,electron microscopy,512,512,3,0.12134933471679688
ae690251d5,emps,10.1016.j.actbio.2020.04.055,train,C:\Users\user1\Desktop\Homework\בוטקאמפ\AMAT_4_Chana\src\data\..\..\src\data\sources\..\..\..\..\AMAT\amat4-week1\emps\images\ae690251d5.png,,electron microscopy,512,512,6,0.11922073364257812
9fac661e24,emps,10.1016.j.actbio.2020.04.055,train,C:\Users\user1\Desktop\Homework\בוטקאמפ\AMAT_4_Chana\src\data\..\..\src\data\sources\..\..\..\..\AMAT\amat4-week1\emps\images\9fac661e24.png,,electron microscopy,512,514,5,0.12059976896887159
85dedcfd30,emps,10.1016.j.actbio.2020.04.055,train,C:\Users\user1\Desktop\Homework\בוטקאמפ\AMAT_4_Chana\src\data\..\..\src\data\sources\..\..\..\..\AMAT\amat4-week1\emps\images\85dedcfd30.png,,electron microscopy,512,514,3,0.12273148711089495
cc87926397,emps,10.1016.j.actbio.2019.11.023,test,C:\Users\user1\Desktop\Homework\בוטקאמפ\AMAT_4_Chana\src\data\..\..\src\data\sources\..\..\..\..\AMAT\amat4-week1\emps\images\cc87926397.png,,electron microscopy,512,728,17,0.12630118904532966
6d0f510327,emps,10.1016.j.actbio.2019.04.056,train,C:\Users\user1\Desktop\Homework\בוטקאמפ\AMAT_4_Chana\src\data\..\..\src\data\sources\..\..\..\..\AMAT\amat4-week1\emps\images\6d0f510327.png,,electron microscopy,512,520,6,0.13621920072115384
dbbbce5020,emps,10.1016.j.actbio.2019.04.023,test,C:\Users\user1\Desktop\Homework\בוטקאמפ\AMAT_4_Chana\src\data\..\..\src\data\sources\..\..\..\..\AMAT\amat4-week1\emps\images\dbbbce5020.png,,electron microscopy,512,554,16,0.2937373082129964
c1cccb3332,emps,10.1016.j.actbio.2019.04.022,test,C:\Users\user1\Desktop\Homework\בוטקאמפ\AMAT_4_Chana\src\data\..\..\src\data\sources\..\..\..\..\AMAT\amat4-week1\emps\images\c1cccb3332.png,,electron microscopy,512,545,15,0.12799956995412845
cf703078f2,emps,10.1016.j.actbio.2019.01.002,test,C:\Users\user1\Desktop\Homework\בוטקאמפ\AMAT_4_Chana\src\data\..\..\src\data\sources\..\..\..\..\AMAT\amat4-week1\emps\images\cf703078f2.png,,electron microscopy,512,942,8,0.12938727441613587
f98c5fb82a,emps,10.1016.j.actbio.2018.12.046,test,C:\Users\user1\Desktop\Homework\בוטקאמפ\AMAT_4_Chana\src\data\..\..\src\data\sources\..\..\..\..\AMAT\amat4-week1\emps\images\f98c5fb82a.png,,electron microscopy,528,512,45,0.12611342921401514
62594342ac,emps,10.1016.j.aca.2020.03.052,validation,C:\Users\user1\Desktop\Homework\בוטקאמפ\AMAT_4_Chana\src\data\..\..\src\data\sources\..\..\..\..\AMAT\amat4-week1\emps\images\62594342ac.png,,electron microscopy,512,914,12,0.1336437534190372
3692286ecf,emps,10.1016.j.aca.2020.03.052,validation,C:\Users\user1\Desktop\Homework\בוטקאמפ\AMAT_4_Chana\src\data\..\..\src\data\sources\..\..\..\..\AMAT\amat4-week1\emps\images\3692286ecf.png,,electron microscopy,512,687,5,0.1277861171761281
82e8007547,emps,10.1016.j.aca.2020.01.049,train,C:\Users\user1\Desktop\Homework\בוטקאמפ\AMAT_4_Chana\src\data\..\..\src\data\sources\..\..\..\..\AMAT\amat4-week1\emps\images\82e8007547.png,,electron microscopy,512,534,14,0.12729327598314608
5898a2ac02,emps,10.1016.j.aca.2020.01.049,train,C:\Users\user1\Desktop\Homework\בוטקאמפ\AMAT_4_Chana\src\data\..\..\src\data\sources\..\..\..\..\AMAT\amat4-week1\emps\images\5898a2ac02.png,,electron microscopy,512,532,17,0.12613075657894737
b16f4f83a4,emps,10.1016.j.aca.2019.10.060,train,C:\Users\user1\Desktop\Homework\בוטקאמפ\AMAT_4_Chana\src\data\..\..\src\data\sources\..\..\..\..\AMAT\amat4-week1\emps\images\b16f4f83a4.png,,electron microscopy,512,546,21,0.1293462396978022
de1d3f1409,emps,10.1016.j.aca.2019.07.066,train,C:\Users\user1\Desktop\Homework\בוטקאמפ\AMAT_4_Chana\src\data\..\..\src\data\sources\..\..\..\..\AMAT\amat4-week1\emps\images\de1d3f1409.png,,electron microscopy,512,512,4,0.17301177978515625
934d76aaf2,emps,10.1016.j.aca.2019.02.037,train,C:\Users\user1\Desktop\Homework\בוטקאמפ\AMAT_4_Chana\src\data\..\..\src\data\sources\..\..\..\..\AMAT\amat4-week1\emps\images\934d76aaf2.png,,electron microscopy,512,704,1,0.15257401899857956
782d7f752d,emps,10.1016.j.aca.2019.02.037,train,C:\Users\user1\Desktop\Homework\בוטקאמפ\AMAT_4_Chana\src\data\..\..\src\data\sources\..\..\..\..\AMAT\amat4-week1\emps\images\782d7f752d.png,,electron microscopy,512,697,1,0.13115360473457677
893215335a,emps,10.1016.j.aca.2019.02.037,train,C:\Users\user1\Desktop\Homework\בוטקאמפ\AMAT_4_Chana\src\data\..\..\src\data\sources\..\..\..\..\AMAT\amat4-week1\emps\images\893215335a.png,,electron microscopy,512,704,1,0.128570556640625
f7f7093f0f,emps,10.1016.j.wear.2018.12.096,train,C:\Users\user1\Desktop\Homework\בוטקאמפ\AMAT_4_Chana\src\data\..\..\src\data\sources\..\..\..\..\AMAT\amat4-week1\emps\images\f7f7093f0f.png,,electron microscopy,512,685,4,0.1293196852189781
671b7c8831,emps,10.1016.j.vacuum.2019.109044,validation,C:\Users\user1\Desktop\Homework\בוטקאמפ\AMAT_4_Chana\src\data\..\..\src\data\sources\..\..\..\..\AMAT\amat4-week1\emps\images\671b7c8831.png,,electron microscopy,512,685,3,0.12374543795620438
d4b73860c3,emps,10.1016.j.vacuum.2019.109044,validation,C:\Users\user1\Desktop\Homework\בוטקאמפ\AMAT_4_Chana\src\data\..\..\src\data\sources\..\..\..\..\AMAT\amat4-week1\emps\images\d4b73860c3.png,,electron microscopy,512,690,2,0.12424139492753623
0e41d62d5d,emps,10.1016.j.vacuum.2019.04.061,train,C:\Users\user1\Desktop\Homework\בוטקאמפ\AMAT_4_Chana\src\data\..\..\src\data\sources\..\..\..\..\AMAT\amat4-week1\emps\images\0e41d62d5d.png,,electron microscopy,512,518,1,0.13190757722007723
fc9e19325c,emps,10.1016.j.vacuum.2019.04.061,train,C:\Users\user1\Desktop\Homework\בוטקאמפ\AMAT_4_Chana\src\data\..\..\src\data\sources\..\..\..\..\AMAT\amat4-week1\emps\images\fc9e19325c.png,,electron microscopy,531,512,1,0.1301274129001883
5568be0f4c,emps,10.1016.j.ultsonch.2019.104727,train,C:\Users\user1\Desktop\Homework\בוטקאמפ\AMAT_4_Chana\src\data\..\..\src\data\sources\..\..\..\..\AMAT\amat4-week1\emps\images\5568be0f4c.png,,electron microscopy,512,640,2,0.1365234375
51f82fcb93,emps,10.1016.j.ultsonch.2019.104727,train,C:\Users\user1\Desktop\Homework\בוטקאמפ\AMAT_4_Chana\src\data\..\..\src\data\sources\..\..\..\..\AMAT\amat4-week1\emps\images\51f82fcb93.png,,electron microscopy,512,636,1,0.13320865271226415
cecb19b837,emps,10.1016.j.ultramic.2018.10.011,test,C:\Users\user1\Desktop\Homework\בוטקאמפ\AMAT_4_Chana\src\data\..\..\src\data\sources\..\..\..\..\AMAT\amat4-week1\emps\images\cecb19b837.png,,electron microscopy,512,512,1,0.12509536743164062
90615b870a,emps,10.1016.j.ultramic.2018.10.011,test,C:\Users\user1\Desktop\Homework\בוטקאמפ\AMAT_4_Chana\src\data\..\..\src\data\sources\..\..\..\..\AMAT\amat4-week1\emps\images\90615b870a.png,,electron microscopy,513,512,1,0.13385188230994152
17f1cecc7a,emps,10.1016.j.ultramic.2018.10.011,test,C:\Users\user1\Desktop\Homework\בוטקאמפ\AMAT_4_Chana\src\data\..\..\src\data\sources\..\..\..\..\AMAT\amat4-week1\emps\images\17f1cecc7a.png,,electron microscopy,515,512,1,0.1321336468446602
291898b7c6,emps,10.1016.j.tsf.2019.02.044,train,C:\Users\user1\Desktop\Homework\בוטקאמפ\AMAT_4_Chana\src\data\..\..\src\data\sources\..\..\..\..\AMAT\amat4-week1\emps\images\291898b7c6.png,,electron microscopy,514,512,1,0.12428942728599222
1700be1235,emps,10.1016.j.triboint.2019.106071,train,C:\Users\user1\Desktop\Homework\בוטקאמפ\AMAT_4_Chana\src\data\..\..\src\data\sources\..\..\..\..\AMAT\amat4-week1\emps\images\1700be1235.png,,electron microscopy,512,552,7,0.18991663836050723
c36b04376a,emps,10.1016.j.tet.2018.11.035,train,C:\Users\user1\Desktop\Homework\בוטקאמפ\AMAT_4_Chana\src\data\..\..\src\data\sources\..\..\..\..\AMAT\amat4-week1\emps\images\c36b04376a.png,,electron microscopy,512,555,1,0.14067074887387387
9d358e8c8a,emps,10.1016.j.talanta.2019.120178,train,C:\Users\user1\Desktop\Homework\בוטקאמפ\AMAT_4_Chana\src\data\..\..\src\data\sources\..\..\..\..\AMAT\amat4-week1\emps\images\9d358e8c8a.png,,electron microscopy,512,629,3,0.12709285572337042
d7da1a24ad,emps,10.1016.j.synthmet.2019.116229,train,C:\Users\user1\Desktop\Homework\בוטקאמפ\AMAT_4_Chana\src\data\..\..\src\data\sources\..\..\..\..\AMAT\amat4-week1\emps\images\d7da1a24ad.png,,electron microscopy,514,512,1,0.12737110894941633
25af264996,emps,10.1016.j.synthmet.2019.116229,train,C:\Users\user1\Desktop\Homework\בוטקאמפ\AMAT_4_Chana\src\data\..\..\src\data\sources\..\..\..\..\AMAT\amat4-week1\emps\images\25af264996.png,,electron microscopy,512,575,4,0.13273777173913043
a66c75354a,emps,10.1016.j.surfcoat.2020.125856,train,C:\Users\user1\Desktop\Homework\בוטקאמפ\AMAT_4_Chana\src\data\..\..\src\data\sources\..\..\..\..\AMAT\amat4-week1\emps\images\a66c75354a.png,,electron microscopy,512,689,17,0.12066287191582004
66a6ddb34e,emps,10.1016.j.solidstatesciences.2020.106179,train,C:\Users\user1\Desktop\Homework\בוטקאמפ\AMAT_4_Chana\src\data\..\..\src\data\sources\..\..\..\..\AMAT\amat4-week1\emps\images\66a6ddb34e.png,,electron microscopy,525,512,13,0.13940104166666667
296a52bf09,emps,10.1016.j.solidstatesciences.2020.106179,train,C:\Users\user1\Desktop\Homework\בוטקאמפ\AMAT_4_Chana\src\data\..\..\src\data\sources\..\..\..\..\AMAT\amat4-week1\emps\images\296a52bf09.png,,electron microscopy,515,512,10,0.1317013046116505
21308b3614,emps,10.1016.j.solidstatesciences.2020.106179,train,C:\Users\user1\Desktop\Homework\בוטקאמפ\AMAT_4_Chana\src\data\..\..\src\data\sources\..\..\..\..\AMAT\amat4-week1\emps\images\21308b3614.png,,electron microscopy,512,638,12,0.14970794964733541
7701ac03c1,emps,10.1016.j.solener.2019.12.053,train,C:\Users\user1\Desktop\Homework\בוטקאמפ\AMAT_4_Chana\src\data\..\..\src\data\sources\..\..\..\..\AMAT\amat4-week1\emps\images\7701ac03c1.png,,electron microscopy,512,603,6,0.14713541666666666
d5e8abb61d,emps,10.1016.j.snb.2020.128412,test,C:\Users\user1\Desktop\Homework\בוטקאמפ\AMAT_4_Chana\src\data\..\..\src\data\sources\..\..\..\..\AMAT\amat4-week1\emps\images\d5e8abb61d.png,,electron microscopy,512,775,69,0.18482862903225805
2b9ccd5679,emps,10.1016.j.snb.2020.127964,train,C:\Users\user1\Desktop\Homework\בוטקאמפ\AMAT_4_Chana\src\data\..\..\src\data\sources\..\..\..\..\AMAT\amat4-week1\emps\images\2b9ccd5679.png,,electron microscopy,512,693,6,0.1251493731962482
4545280c2b,emps,10.1016.j.snb.2020.127831,train,C:\Users\user1\Desktop\Homework\בוטקאמפ\AMAT_4_Chana\src\data\..\..\src\data\sources\..\..\..\..\AMAT\amat4-week1\emps\images\4545280c2b.png,,electron microscopy,512,566,21,0.13275383723498232
36de69b2c0,emps,10.1016.j.snb.2020.127831,train,C:\Users\user1\Desktop\Homework\בוטקאמפ\AMAT_4_Chana\src\data\..\..\src\data\sources\..\..\..\..\AMAT\amat4-week1\emps\images\36de69b2c0.png,,electron microscopy,512,564,33,0.12601465536347517
80719af02f,emps,10.1016.j.snb.2019.127107,train,C:\Users\user1\Desktop\Homework\בוטקאמפ\AMAT_4_Chana\src\data\..\..\src\data\sources\..\..\..\..\AMAT\amat4-week1\emps\images\80719af02f.png,,electron microscopy,512,512,258,0.12089920043945312
2daa27a6df,emps,10.1016.j.snb.2019.127107,train,C:\Users\user1\Desktop\Homework\בוטקאמפ\AMAT_4_Chana\src\data\..\..\src\data\sources\..\..\..\..\AMAT\amat4-week1\emps\images\2daa27a6df.png,,electron microscopy,512,647,24,0.12938019223338484
a59bcf3f13,emps,10.1016.j.snb.2019.127107,train,C:\Users\user1\Desktop\Homework\בוטקאמפ\AMAT_4_Chana\src\data\..\..\src\data\sources\..\..\..\..\AMAT\amat4-week1\emps\images\a59bcf3f13.png,,electron microscopy,512,657,29,0.1344148354261796
cd22803960,emps,10.1016.j.snb.2019.127107,train,C:\Users\user1\Desktop\Homework\בוטקאמפ\AMAT_4_Chana\src\data\..\..\src\data\sources\..\..\..\..\AMAT\amat4-week1\emps\images\cd22803960.png,,electron microscopy,512,626,41,0.1287096894968051
7ab1f4b7ba,emps,10.1016.j.snb.2019.127107,train,C:\Users\user1\Desktop\Homework\בוטקאמפ\AMAT_4_Chana\src\data\..\..\src\data\sources\..\..\..\..\AMAT\amat4-week1\emps\images\7ab1f4b7ba.png,,electron microscopy,512,609,39,0.12872985940065682
f7f9125fb0,emps,10.1016.j.snb.2019.126861,train,C:\Users\user1\Desktop\Homework\בוטקאמפ\AMAT_4_Chana\src\data\..\..\src\data\sources\..\..\..\..\AMAT\amat4-week1\emps\images\f7f9125fb0.png,,electron microscopy,512,557,3,0.13625238442549373
913312cfdf,emps,10.1016.j.snb.2019.03.085,train,C:\Users\user1\Desktop\Homework\בוטקאמפ\AMAT_4_Chana\src\data\..\..\src\data\sources\..\..\..\..\AMAT\amat4-week1\emps\images\913312cfdf.png,,electron microscopy,534,512,18,0.13344891151685392
be5df16bd4,emps,10.1016.j.snb.2019.03.085,train,C:\Users\user1\Desktop\Homework\בוטקאמפ\AMAT_4_Chana\src\data\..\..\src\data\sources\..\..\..\..\AMAT\amat4-week1\emps\images\be5df16bd4.png,,electron microscopy,568,512,17,0.13440113336267606
3bbd05202e,emps,10.1016.j.snb.2018.12.134,validation,C:\Users\user1\Desktop\Homework\בוטקאמפ\AMAT_4_Chana\src\data\..\..\src\data\sources\..\..\..\..\AMAT\amat4-week1\emps\images\3bbd05202e.png,,electron microscopy,512,593,10,0.1331583315767285
f73d0ac26a,emps,10.1016.j.snb.2018.12.134,validation,C:\Users\user1\Desktop\Homework\בוטקאמפ\AMAT_4_Chana\src\data\..\..\src\data\sources\..\..\..\..\AMAT\amat4-week1\emps\images\f73d0ac26a.png,,electron microscopy,512,627,6,0.13885566188197768
83afcabd95,emps,10.1016.j.snb.2018.09.092,test,C:\Users\user1\Desktop\Homework\בוטקאמפ\AMAT_4_Chana\src\data\..\..\src\data\sources\..\..\..\..\AMAT\amat4-week1\emps\images\83afcabd95.png,,electron microscopy,512,729,4,0.15059692215363513
b1fc590830,emps,10.1016.j.sjbs.2019.10.006,test,C:\Users\user1\Desktop\Homework\בוטקאמפ\AMAT_4_Chana\src\data\..\..\src\data\sources\..\..\..\..\AMAT\amat4-week1\emps\images\b1fc590830.png,,electron microscopy,512,687,2,0.12950043213245996
e59a1a493e,emps,10.1016.j.sjbs.2019.10.006,test,C:\Users\user1\Desktop\Homework\בוטקאמפ\AMAT_4_Chana\src\data\..\..\src\data\sources\..\..\..\..\AMAT\amat4-week1\emps\images\e59a1a493e.png,,electron microscopy,512,711,3,0.13117802830520395
736f1a3eb2,emps,10.1016.j.seppur.2019.116364,train,C:\Users\user1\Desktop\Homework\בוטקאמפ\AMAT_4_Chana\src\data\..\..\src\data\sources\..\..\..\..\AMAT\amat4-week1\emps\images\736f1a3eb2.png,,electron microscopy,512,535,1,0.12807754088785048
691f7638fd,emps,10.1016.j.seppur.2019.116100,train,C:\Users\user1\Desktop\Homework\בוטקאמפ\AMAT_4_Chana\src\data\..\..\src\data\sources\..\..\..\..\AMAT\amat4-week1\emps\images\691f7638fd.png,,electron microscopy,512,685,6,0.13128706660583941
a1dada3898,emps,10.1016.j.scitotenv.2018.10.145,train,C:\Users\user1\Desktop\Homework\בוטקאמפ\AMAT_4_Chana\src\data\..\..\src\data\sources\..\..\..\..\AMAT\amat4-week1\emps\images\a1dada3898.png,,electron microscopy,512,655,5,0.14134959446564885
55511ff512,emps,10.1016.j.saa.2020.118430,train,C:\Users\user1\Desktop\Homework\בוטקאמפ\AMAT_4_Chana\src\data\..\..\src\data\sources\..\..\..\..\AMAT\amat4-week1\emps\images\55511ff512.png,,electron microscopy,512,642,19,0.13499683605919002
b9deddff33,emps,10.1016.j.saa.2020.118343,test,C:\Users\user1\Desktop\Homework\בוטקאמפ\AMAT_4_Chana\src\data\..\..\src\data\sources\..\..\..\..\AMAT\amat4-week1\emps\images\b9deddff33.png,,electron microscopy,515,512,30,0.12203049150485437
3f97a9e821,emps,10.1016.j.saa.2020.118343,test,C:\Users\user1\Desktop\Homework\בוטקאמפ\AMAT_4_Chana\src\data\..\..\src\data\sources\..\..\..\..\AMAT\amat4-week1\emps\images\3f97a9e821.png,,electron microscopy,512,522,65,0.12359315134099617
fc2851e6d3,emps,10.1016.j.saa.2020.118343,test,C:\Users\user1\Desktop\Homework\בוטקאמפ\AMAT_4_Chana\src\data\..\..\src\data\sources\..\..\..\..\AMAT\amat4-week1\emps\images\fc2851e6d3.png,,electron microscopy,514,512,29,0.12274668652723736
132788669c,emps,10.1016.j.saa.2020.118343,test,C:\Users\user1\Desktop\Homework\בוטקאמפ\AMAT_4_Chana\src\data\..\..\src\data\sources\..\..\..\..\AMAT\amat4-week1\emps\images\132788669c.png,,electron microscopy,512,516,17,0.12059032824612403
5f42a8d4a9,emps,10.1016.j.saa.2020.118343,test,C:\Users\user1\Desktop\Homework\בוטקאמפ\AMAT_4_Chana\src\data\..\..\src\data\sources\..\..\..\..\AMAT\amat4-week1\emps\images\5f42a8d4a9.png,,electron microscopy,514,512,73,0.12373464858949416
4822787326,emps,10.1016.j.saa.2020.118104,validation,C:\Users\user1\Desktop\Homework\בוטקאמפ\AMAT_4_Chana\src\data\..\..\src\data\sources\..\..\..\..\AMAT\amat4-week1\emps\images\4822787326.png,,electron microscopy,512,527,69,0.13194526802656548
75e968af41,emps,10.1016.j.saa.2019.117890,train,C:\Users\user1\Desktop\Homework\בוטקאמפ\AMAT_4_Chana\src\data\..\..\src\data\sources\..\..\..\..\AMAT\amat4-week1\emps\images\75e968af41.png,,electron microscopy,514,512,1,0.12519759241245138
03a1d18cc6,emps,10.1016.j.saa.2019.117890,train,C:\Users\user1\Desktop\Homework\בוטקאמפ\AMAT_4_Chana\src\data\..\..\src\data\sources\..\..\..\..\AMAT\amat4-week1\emps\images\03a1d18cc6.png,,electron microscopy,512,513,1,0.12679322002923976
7d54a1c5b3,emps,10.1016.j.saa.2019.117890,train,C:\Users\user1\Desktop\Homework\בוטקאמפ\AMAT_4_Chana\src\data\..\..\src\data\sources\..\..\..\..\AMAT\amat4-week1\emps\images\7d54a1c5b3.png,,electron microscopy,616,512,3,0.12419148234577922
763c317d5d,emps,10.1016.j.saa.2019.117890,train,C:\Users\user1\Desktop\Homework\בוטקאמפ\AMAT_4_Chana\src\data\..\..\src\data\sources\..\..\..\..\AMAT\amat4-week1\emps\images\763c317d5d.png,,electron microscopy,512,513,1,0.12393396686159844
fcebbb1fd9,emps,10.1016.j.saa.2019.117890,train,C:\Users\user1\Desktop\Homework\בוטקאמפ\AMAT_4_Chana\src\data\..\..\src\data\sources\..\..\..\..\AMAT\amat4-week1\emps\images\fcebbb1fd9.png,,electron microscopy,570,512,1,0.12611019736842105
535134e785,emps,10.1016.j.saa.2019.117890,train,C:\Users\user1\Desktop\Homework\בוטקאמפ\AMAT_4_Chana\src\data\..\..\src\data\sources\..\..\..\..\AMAT\amat4-week1\emps\images\535134e785.png,,electron microscopy,514,512,1,0.12680493069066148
0fa38de2c7,emps,10.1016.j.saa.2019.117890,train,C:\Users\user1\Desktop\Homework\בוטקאמפ\AMAT_4_Chana\src\data\..\..\src\data\sources\..\..\..\..\AMAT\amat4-week1\emps\images\0fa38de2c7.png,,electron microscopy,513,512,8,0.12174859892787525
85f5efb77d,emps,10.1016.j.saa.2019.117890,train,C:\Users\user1\Desktop\Homework\בוטקאמפ\AMAT_4_Chana\src\data\..\..\src\data\sources\..\..\..\..\AMAT\amat4-week1\emps\images\85f5efb77d.png,,electron microscopy,512,574,36,0.12518374346689895
b8e9061c90,emps,10.1016.j.saa.2019.117177,train,C:\Users\user1\Desktop\Homework\בוטקאמפ\AMAT_4_Chana\src\data\..\..\src\data\sources\..\..\..\..\AMAT\amat4-week1\emps\images\b8e9061c90.png,,electron microscopy,512,683,44,0.12195735724743778
88808139d3,emps,10.1016.j.saa.2019.117177,train,C:\Users\user1\Desktop\Homework\בוטקאמפ\AMAT_4_Chana\src\data\..\..\src\data\sources\..\..\..\..\AMAT\amat4-week1\emps\images\88808139d3.png,,electron microscopy,512,682,18,0.12048089259530792
f8a1b2bf39,emps,10.1016.j.saa.2019.117177,train,C:\Users\user1\Desktop\Homework\בוטקאמפ\AMAT_4_Chana\src\data\..\..\src\data\sources\..\..\..\..\AMAT\amat4-week1\emps\images\f8a1b2bf39.png,,electron microscopy,512,684,3,0.14246961805555555
8e1269eba3,emps,10.1016.j.saa.2019.117177,train,C:\Users\user1\Desktop\Homework\בוטקאמפ\AMAT_4_Chana\src\data\..\..\src\data\sources\..\..\..\..\AMAT\amat4-week1\emps\images\8e1269eba3.png,,electron microscopy,512,680,3,0.13558995863970588
ea71fe4650,emps,10.1016.j.saa.2019.117177,train,C:\Users\user1\Desktop\Homework\בוטקאמפ\AMAT_4_Chana\src\data\..\..\src\data\sources\..\..\..\..\AMAT\amat4-week1\emps\images\ea71fe4650.png,,electron microscopy,512,695,12,0.13621571492805756
5e22377208,emps,10.1016.j.rinp.2019.102882,validation,C:\Users\user1\Desktop\Homework\בוטקאמפ\AMAT_4_Chana\src\data\..\..\src\data\sources\..\..\..\..\AMAT\amat4-week1\emps\images\5e22377208.png,,electron microscopy,512,555,7,0.12469031531531531
74391d74bd,emps,10.1016.j.reactfunctpolym.2020.104520,train,C:\Users\user1\Desktop\Homework\בוטקאמפ\AMAT_4_Chana\src\data\..\..\src\data\sources\..\..\..\..\AMAT\amat4-week1\emps\images\74391d74bd.png,,electron microscopy,512,541,1,0.1296463435767098
410284d28b,emps,10.1016.j.reactfunctpolym.2019.104441,train,C:\Users\user1\Desktop\Homework\בוטקאמפ\AMAT_4_Chana\src\data\..\..\src\data\sources\..\..\..\..\AMAT\amat4-week1\emps\images\410284d28b.png,,electron microscopy,512,657,1,0.1359517694063927
73e0a09cd2,emps,10.1016.j.reactfunctpolym.2019.104325,validation,C:\Users\user1\Desktop\Homework\בוטקאמפ\AMAT_4_Chana\src\data\..\..\src\data\sources\..\..\..\..\AMAT\amat4-week1\emps\images\73e0a09cd2.png,,electron microscopy,516,512,1,0.1221725109011628
6752c27137,emps,10.1016.j.powtec.2019.07.029,train,C:\Users\user1\Desktop\Homework\בוטקאמפ\AMAT_4_Chana\src\data\..\..\src\data\sources\..\..\..\..\AMAT\amat4-week1\emps\images\6752c27137.png,,electron microscopy,512,544,181,0.12396958295036764
6169a602a0,emps,10.1016.j.powtec.2019.07.029,train,C:\Users\user1\Desktop\Homework\בוטקאמפ\AMAT_4_Chana\src\data\..\..\src\data\sources\..\..\..\..\AMAT\amat4-week1\emps\images\6169a602a0.png,,electron microscopy,512,583,51,0.12908715694682676
39e18a8f4c,emps,10.1016.j.porgcoat.2020.105742,train,C:\Users\user1\Desktop\Homework\בוטקאמפ\AMAT_4_Chana\src\data\..\..\src\data\sources\..\..\..\..\AMAT\amat4-week1\emps\images\39e18a8f4c.png,,electron microscopy,512,618,3,0.12447537419093851
04dbda93f9,emps,10.1016.j.porgcoat.2019.05.018,test,C:\Users\user1\Desktop\Homework\בוטקאמפ\AMAT_4_Chana\src\data\..\..\src\data\sources\..\..\..\..\AMAT\amat4-week1\emps\images\04dbda93f9.png,,electron microscopy,512,512,32,0.1284027099609375
7ecd3c2ab9,emps,10.1016.j.polymertesting.2019.106110,train,C:\Users\user1\Desktop\Homework\בוטקאמפ\AMAT_4_Chana\src\data\..\..\src\data\sources\..\..\..\..\AMAT\amat4-week1\emps\images\7ecd3c2ab9.png,,electron microscopy,534,512,3,0.1158561563670412
a492171fa8,emps,10.1016.j.polymertesting.2019.106110,train,C:\Users\user1\Desktop\Homework\בוטקאמפ\AMAT_4_Chana\src\data\..\..\src\data\sources\..\..\..\..\AMAT\amat4-week1\emps\images\a492171fa8.png,,electron microscopy,529,512,5,0.11748656072778828
e853d120fa,emps,10.1016.j.polymertesting.2019.106110,train,C:\Users\user1\Desktop\Homework\בוטקאמפ\AMAT_4_Chana\src\data\..\..\src\data\sources\..\..\..\..\AMAT\amat4-week1\emps\images\e853d120fa.png,,electron microscopy,528,512,2,0.11651796283143939
39dda96b25,emps,10.1016.j.polymertesting.2019.106110,train,C:\Users\user1\Desktop\Homework\בוטקאמפ\AMAT_4_Chana\src\data\..\..\src\data\sources\..\..\..\..\AMAT\amat4-week1\emps\images\39dda96b25.png,,electron microscopy,528,512,6,0.1187448212594697
2fb8fe344c,emps,10.1016.j.polymer.2020.122219,test,C:\Users\user1\Desktop\Homework\בוטקאמפ\AMAT_4_Chana\src\data\..\..\src\data\sources\..\..\..\..\AMAT\amat4-week1\emps\images\2fb8fe344c.png,,electron microscopy,517,512,1,0.12378354690522243
e071eefebb,emps,10.1016.j.polymer.2020.122161,validation,C:\Users\user1\Desktop\Homework\בוטקאמפ\AMAT_4_Chana\src\data\..\..\src\data\sources\..\..\..\..\AMAT\amat4-week1\emps\images\e071eefebb.png,,electron microscopy,512,519,7,0.12515429311175338
1e011bd992,emps,10.1016.j.polymer.2019.122024,train,C:\Users\user1\Desktop\Homework\בוטקאמפ\AMAT_4_Chana\src\data\..\..\src\data\sources\..\..\..\..\AMAT\amat4-week1\emps\images\1e011bd992.png,,electron microscopy,512,781,4,0.3977822903329065
78bda6c73b,emps,10.1016.j.pmatsci.2020.100671,train,C:\Users\user1\Desktop\Homework\בוטקאמפ\AMAT_4_Chana\src\data\..\..\src\data\sources\..\..\..\..\AMAT\amat4-week1\emps\images\78bda6c73b.png,,electron microscopy,513,512,1,0.13785712110136453
a630b192d4,emps,10.1016.j.optmat.2020.109986,train,C:\Users\user1\Desktop\Homework\בוטקאמפ\AMAT_4_Chana\src\data\..\..\src\data\sources\..\..\..\..\AMAT\amat4-week1\emps\images\a630b192d4.png,,electron microscopy,512,688,18,0.13065781704215115
d04d7ced9f,emps,10.1016.j.optmat.2020.109986,train,C:\Users\user1\Desktop\Homework\בוטקאמפ\AMAT_4_Chana\src\data\..\..\src\data\sources\..\..\..\..\AMAT\amat4-week1\emps\images\d04d7ced9f.png,,electron microscopy,512,688,20,0.13609420421511628
6a291d0bb4,emps,10.1016.j.nantod.2020.100854,train,C:\Users\user1\Desktop\Homework\בוטקאמפ\AMAT_4_Chana\src\data\..\..\src\data\sources\..\..\..\..\AMAT\amat4-week1\emps\images\6a291d0bb4.png,,electron microscopy,512,572,8,0.12092302229020979
cef2196885,emps,10.1016.j.nantod.2019.02.009,train,C:\Users\user1\Desktop\Homework\בוטקאמפ\AMAT_4_Chana\src\data\..\..\src\data\sources\..\..\..\..\AMAT\amat4-week1\emps\images\cef2196885.png,,electron microscopy,520,512,20,0.1490985576923077
bbb27830b9,emps,10.1016.j.nanoso.2019.100413,train,C:\Users\user1\Desktop\Homework\בוטקאמפ\AMAT_4_Chana\src\data\..\..\src\data\sources\..\..\..\..\AMAT\amat4-week1\emps\images\bbb27830b9.png,,electron microscopy,512,556,1,0.2475831834532374
dedf11eb6c,emps,10.1016.j.nanoso.2019.100410,train,C:\Users\user1\Desktop\Homework\בוטקאמפ\AMAT_4_Chana\src\data\..\..\src\data\sources\..\..\..\..\AMAT\amat4-week1\emps\images\dedf11eb6c.png,,electron microscopy,512,696,1,0.21823646282327586
027f25010a,emps,10.1016.j.nanoso.2019.100288,train,C:\Users\user1\Desktop\Homework\בוטקאמפ\AMAT_4_Chana\src\data\..\..\src\data\sources\..\..\..\..\AMAT\amat4-week1\emps\images\027f25010a.png,,electron microscopy,621,512,4,0.1269657055152979
8bf3782470,emps,10.1016.j.nanoen.2019.03.008,test,C:\Users\user1\Desktop\Homework\בוטקאמפ\AMAT_4_Chana\src\data\..\..\src\data\sources\..\..\..\..\AMAT\amat4-week1\emps\images\8bf3782470.png,,electron microscopy,512,708,8,0.2808637888418079
f9d59dcb02,emps,10.1016.j.mser.2019.03.001,train,C:\Users\user1\Desktop\Homework\בוטקאמפ\AMAT_4_Chana\src\data\..\..\src\data\sources\..\..\..\..\AMAT\amat4-week1\emps\images\f9d59dcb02.png,,electron microscopy,536,512,12,0.1319051714085821
fff35f80e1,emps,10.1016.j.mser.2019.01.001,test,C:\Users\user1\Desktop\Homework\בוטקאמפ\AMAT_4_Chana\src\data\..\..\src\data\sources\..\..\..\..\AMAT\amat4-week1\emps\images\fff35f80e1.png,,electron microscopy,512,512,4,0.16028213500976562
72507b07bc,emps,10.1016.j.msec.2020.111062,validation,C:\Users\user1\Desktop\Homework\בוטקאמפ\AMAT_4_Chana\src\data\..\..\src\data\sources\..\..\..\..\AMAT\amat4-week1\emps\images\72507b07bc.png,,electron microscopy,512,512,2,0.1282196044921875
a4b639ab1a,emps,10.1016.j.msec.2019.110602,train,C:\Users\user1\Desktop\Homework\בוטקאמפ\AMAT_4_Chana\src\data\..\..\src\data\sources\..\..\..\..\AMAT\amat4-week1\emps\images\a4b639ab1a.png,,electron microscopy,512,773,2,0.12568220407503233
2e5dab1969,emps,10.1016.j.msec.2019.110602,train,C:\Users\user1\Desktop\Homework\בוטקאמפ\AMAT_4_Chana\src\data\..\..\src\data\sources\..\..\..\..\AMAT\amat4-week1\emps\images\2e5dab1969.png,,electron microscopy,512,777,3,0.1262442688223938
a1e18db01a,emps,10.1016.j.msec.2019.109797,test,C:\Users\user1\Desktop\Homework\בוטקאמפ\AMAT_4_Chana\src\data\..\..\src\data\sources\..\..\..\..\AMAT\amat4-week1\emps\images\a1e18db01a.png,,electron microscopy,512,678,8,0.12938156803097345
d28fb3e471,emps,10.1016.j.jphotobiol.2019.03.021,test,C:\Users\user1\Desktop\Homework\בוטקאמפ\AMAT_4_Chana\src\data\..\..\src\data\sources\..\..\..\..\AMAT\amat4-week1\emps\images\d28fb3e471.png,,electron microscopy,512,740,13,0.12844700168918918
923cab32ee,emps,10.1016.j.jpcs.2019.02.032,test,C:\Users\user1\Desktop\Homework\בוטקאמפ\AMAT_4_Chana\src\data\..\..\src\data\sources\..\..\..\..\AMAT\amat4-week1\emps\images\923cab32ee.png,,electron microscopy,515,512,4,0.12233009708737864
986f86c3b5,emps,10.1016.j.jpcs.2019.02.032,test,C:\Users\user1\Desktop\Homework\בוטקאמפ\AMAT_4_Chana\src\data\..\..\src\data\sources\..\..\..\..\AMAT\amat4-week1\emps\images\986f86c3b5.png,,electron microscopy,512,513,10,0.1534212049220273
e111fb569d,emps,10.1016.j.jmst.2019.10.032,train,C:\Users\user1\Desktop\Homework\בוטקאמפ\AMAT_4_Chana\src\data\..\..\src\data\sources\..\..\..\..\AMAT\amat4-week1\emps\images\e111fb569d.png,,electron microscopy,512,711,4,0.13236473716596342
b78f5fdc22,emps,10.1016.j.jmst.2019.10.032,train,C:\Users\user1\Desktop\Homework\בוטקאמפ\AMAT_4_Chana\src\data\..\..\src\data\sources\..\..\..\..\AMAT\amat4-week1\emps\images\b78f5fdc22.png,,electron microscopy,512,619,56,0.1346835874394184
cf6823322f,emps,10.1016.j.jlumin.2018.12.055,train,C:\Users\user1\Desktop\Homework\בוטקאמפ\AMAT_4_Chana\src\data\..\..\src\data\sources\..\..\..\..\AMAT\amat4-week1\emps\images\cf6823322f.png,,electron microscopy,512,633,7,0.12432427428909952
7e0c56c44b,emps,10.1016.j.jinorgbio.2019.04.001,train,C:\Users\user1\Desktop\Homework\בוטקאמפ\AMAT_4_Chana\src\data\..\..\src\data\sources\..\..\..\..\AMAT\amat4-week1\emps\images\7e0c56c44b.png,,electron microscopy,512,744,6,0.13196982106854838
dcfbfa74e4,emps,10.1016.j.jinorgbio.2019.04.001,train,C:\Users\user1\Desktop\Homework\בוטקאמפ\AMAT_4_Chana\src\data\..\..\src\data\sources\..\..\..\..\AMAT\amat4-week1\emps\images\dcfbfa74e4.png,,electron microscopy,512,750,4,0.13195052083333333
ef6bbe7612,emps,10.1016.j.jiec.2020.05.025,train,C:\Users\user1\Desktop\Homework\בוטקאמפ\AMAT_4_Chana\src\data\..\..\src\data\sources\..\..\..\..\AMAT\amat4-week1\emps\images\ef6bbe7612.png,,electron microscopy,512,730,65,0.12386558219178082
5fc8c5b53c,emps,10.1016.j.jiec.2019.05.007,train,C:\Users\user1\Desktop\Homework\בוטקאמפ\AMAT_4_Chana\src\data\..\..\src\data\sources\..\..\..\..\AMAT\amat4-week1\emps\images\5fc8c5b53c.png,,electron microscopy,512,546,306,0.12178414033882784
2ee0518d7a,emps,10.1016.j.jiec.2019.05.007,train,C:\Users\user1\Desktop\Homework\בוטקאמפ\AMAT_4_Chana\src\data\..\..\src\data\sources\..\..\..\..\AMAT\amat4-week1\emps\images\2ee0518d7a.png,,electron microscopy,512,630,92,0.1314453125
c1d32ab54d,emps,10.1016.j.jiec.2019.05.007,train,C:\Users\user1\Desktop\Homework\בוטקאמפ\AMAT_4_Chana\src\data\..\..\src\data\sources\..\..\..\..\AMAT\amat4-week1\emps\images\c1d32ab54d.png,,electron microscopy,512,613,46,0.1297601447797716
6643f01cf4,emps,10.1016.j.jhazmat.2020.122900,train,C:\Users\user1\Desktop\Homework\בוטקאמפ\AMAT_4_Chana\src\data\..\..\src\data\sources\..\..\..\..\AMAT\amat4-week1\emps\images\6643f01cf4.png,,electron microscopy,512,515,24,0.13014259708737863
ac49e14130,emps,10.1016.j.jhazmat.2020.122567,train,C:\Users\user1\Desktop\Homework\בוטקאמפ\AMAT_4_Chana\src\data\..\..\src\data\sources\..\..\..\..\AMAT\amat4-week1\emps\images\ac49e14130.png,,electron microscopy,512,512,4,0.12700271606445312
19b0afdf81,emps,10.1016.j.jhazmat.2020.122348,train,C:\Users\user1\Desktop\Homework\בוטקאמפ\AMAT_4_Chana\src\data\..\..\src\data\sources\..\..\..\..\AMAT\amat4-week1\emps\images\19b0afdf81.png,,electron microscopy,512,517,1,0.1266282338007737
e49e69fd61,emps,10.1016.j.jhazmat.2020.122348,train,C:\Users\user1\Desktop\Homework\בוטקאמפ\AMAT_4_Chana\src\data\..\..\src\data\sources\..\..\..\..\AMAT\amat4-week1\emps\images\e49e69fd61.png,,electron microscopy,512,556,5,0.1327914231115108
6de290c824,emps,10.1016.j.jhazmat.2020.122348,train,C:\Users\user1\Desktop\Homework\בוטקאמפ\AMAT_4_Chana\src\data\..\..\src\data\sources\..\..\..\..\AMAT\amat4-week1\emps\images\6de290c824.png,,electron microscopy,512,556,4,0.12685827900179855
ce39bb3c03,emps,10.1016.j.jhazmat.2020.122312,train,C:\Users\user1\Desktop\Homework\בוטקאמפ\AMAT_4_Chana\src\data\..\..\src\data\sources\..\..\..\..\AMAT\amat4-week1\emps\images\ce39bb3c03.png,,electron microscopy,512,724,24,0.12301720044889503
5c418c2eb0,emps,10.1016.j.jhazmat.2020.122226,train,C:\Users\user1\Desktop\Homework\בוטקאמפ\AMAT_4_Chana\src\data\..\..\src\data\sources\..\..\..\..\AMAT\amat4-week1\emps\images\5c418c2eb0.png,,electron microscopy,512,631,6,0.13306012282091917
b3e7900e39,emps,10.1016.j.jhazmat.2019.121714,train,C:\Users\user1\Desktop\Homework\בוטקאמפ\AMAT_4_Chana\src\data\..\..\src\data\sources\..\..\..\..\AMAT\amat4-week1\emps\images\b3e7900e39.png,,electron microscopy,512,518,126,0.13142495173745175
af674cfe7e,emps,10.1016.j.jhazmat.2019.121714,train,C:\Users\user1\Desktop\Homework\בוטקאמפ\AMAT_4_Chana\src\data\..\..\src\data\sources\..\..\..\..\AMAT\amat4-week1\emps\images\af674cfe7e.png,,electron microscopy,512,688,9,0.15201160519622092
c83a6e91b0,emps,10.1016.j.jhazmat.2019.121687,train,C:\Users\user1\Desktop\Homework\בוטקאמפ\AMAT_4_Chana\src\data\..\..\src\data\sources\..\..\..\..\AMAT\amat4-week1\emps\images\c83a6e91b0.png,,electron microscopy,512,697,5,0.1290519637733142
eed04b7d68,emps,10.1016.j.jhazmat.2019.121601,train,C:\Users\user1\Desktop\Homework\בוטקאמפ\AMAT_4_Chana\src\data\..\..\src\data\sources\..\..\..\..\AMAT\amat4-week1\emps\images\eed04b7d68.png,,electron microscopy,512,677,3,0.12412585395125554
406d70e411,emps,10.1016.j.jhazmat.2019.121491,train,C:\Users\user1\Desktop\Homework\בוטקאמפ\AMAT_4_Chana\src\data\..\..\src\data\sources\..\..\..\..\AMAT\amat4-week1\emps\images\406d70e411.png,,electron microscopy,512,671,1,0.1398914865871833
d54e727066,emps,10.1016.j.jhazmat.2019.121049,test,C:\Users\user1\Desktop\Homework\בוטקאמפ\AMAT_4_Chana\src\data\..\..\src\data\sources\..\..\..\..\AMAT\amat4-week1\emps\images\d54e727066.png,,electron microscopy,512,692,4,0.12236949060693642
7c5501d292,emps,10.1016.j.jhazmat.2019.121049,test,C:\Users\user1\Desktop\Homework\בוטקאמפ\AMAT_4_Chana\src\data\..\..\src\data\sources\..\..\..\..\AMAT\amat4-week1\emps\images\7c5501d292.png,,electron microscopy,512,929,9,0.12947389666307857
cb13cb5f85,emps,10.1016.j.jhazmat.2019.05.080,test,C:\Users\user1\Desktop\Homework\בוטקאמפ\AMAT_4_Chana\src\data\..\..\src\data\sources\..\..\..\..\AMAT\amat4-week1\emps\images\cb13cb5f85.png,,electron microscopy,512,513,2,0.12726151315789475
2bf4aa0195,emps,10.1016.j.jallcom.2019.152156,train,C:\Users\user1\Desktop\Homework\בוטקאמפ\AMAT_4_Chana\src\data\..\..\src\data\sources\..\..\..\..\AMAT\amat4-week1\emps\images\2bf4aa0195.png,,electron microscopy,512,684,2,0.1326468841374269
e6822fbe96,emps,10.1016.j.jallcom.2019.07.034,train,C:\Users\user1\Desktop\Homework\בוטקאמפ\AMAT_4_Chana\src\data\..\..\src\data\sources\..\..\..\..\AMAT\amat4-week1\emps\images\e6822fbe96.png,,electron microscopy,512,806,3,0.11762125852977667
5a65f9eba2,emps,10.1016.j.jallcom.2019.06.300,test,C:\Users\user1\Desktop\Homework\בוטקאמפ\AMAT_4_Chana\src\data\..\..\src\data\sources\..\..\..\..\AMAT\amat4-week1\emps\images\5a65f9eba2.png,,electron microscopy,512,528,1,0.14216382575757575
78c63579ba,emps,10.1016.j.jallcom.2019.05.208,train,C:\Users\user1\Desktop\Homework\בוטקאמפ\AMAT_4_Chana\src\data\..\..\src\data\sources\..\..\..\..\AMAT\amat4-week1\emps\images\78c63579ba.png,,electron microscopy,512,593,2,0.13436050801011803
555eb05b4c,emps,10.1016.j.jallcom.2018.12.085,train,C:\Users\user1\Desktop\Homework\בוטקאמפ\AMAT_4_Chana\src\data\..\..\src\data\sources\..\..\..\..\AMAT\amat4-week1\emps\images\555eb05b4c.png,,electron microscopy,512,683,1,0.6173219024524158
87429394b0,emps,10.1016.j.inoche.2019.107688,test,C:\Users\user1\Desktop\Homework\בוטקאמפ\AMAT_4_Chana\src\data\..\..\src\data\sources\..\..\..\..\AMAT\amat4-week1\emps\images\87429394b0.png,,electron microscopy,512,775,8,0.3748790322580645
b657336f23,emps,10.1016.j.indcrop.2020.112164,train,C:\Users\user1\Desktop\Homework\בוטקאמפ\AMAT_4_Chana\src\data\..\..\src\data\sources\..\..\..\..\AMAT\amat4-week1\emps\images\b657336f23.png,,electron microscopy,512,516,4,0.12815679505813954
441414704c,emps,10.1016.j.ijpharm.2019.118976,train,C:\Users\user1\Desktop\Homework\בוטקאמפ\AMAT_4_Chana\src\data\..\..\src\data\sources\..\..\..\..\AMAT\amat4-week1\emps\images\441414704c.png,,electron microscopy,513,512,1,0.13243558114035087
a1315df346,emps,10.1016.j.ijpharm.2019.118650,train,C:\Users\user1\Desktop\Homework\בוטקאמפ\AMAT_4_Chana\src\data\..\..\src\data\sources\..\..\..\..\AMAT\amat4-week1\emps\images\a1315df346.png,,electron microscopy,512,515,11,0.12296344053398059
ed3547f3da,emps,10.1016.j.ijleo.2020.164180,train,C:\Users\user1\Desktop\Homework\בוטקאמפ\AMAT_4_Chana\src\data\..\..\src\data\sources\..\..\..\..\AMAT\amat4-week1\emps\images\ed3547f3da.png,,electron microscopy,520,512,8,0.14134990985576923
33f8a59619,emps,10.1016.j.ijleo.2020.164180,train,C:\Users\user1\Desktop\Homework\בוטקאמפ\AMAT_4_Chana\src\data\..\..\src\data\sources\..\..\..\..\AMAT\amat4-week1\emps\images\33f8a59619.png,,electron microscopy,512,559,8,0.1473369018336315
31f17306c8,emps,10.1016.j.ijleo.2019.163676,train,C:\Users\user1\Desktop\Homework\בוטקאמפ\AMAT_4_Chana\src\data\..\..\src\data\sources\..\..\..\..\AMAT\amat4-week1\emps\images\31f17306c8.png,,electron microscopy,512,727,117,0.13265936640302614
af124a45d9,emps,10.1016.j.ijleo.2019.163676,train,C:\Users\user1\Desktop\Homework\בוטקאמפ\AMAT_4_Chana\src\data\..\..\src\data\sources\..\..\..\..\AMAT\amat4-week1\emps\images\af124a45d9.png,,electron microscopy,512,724,60,0.13142588915745856
ab82fe7827,emps,10.1016.j.ijhydene.2020.01.020,train,C:\Users\user1\Desktop\Homework\בוטקאמפ\AMAT_4_Chana\src\data\..\..\src\data\sources\..\..\..\..\AMAT\amat4-week1\emps\images\ab82fe7827.png,,electron microscopy,512,758,2,0.13258317529683378
636334b3f1,emps,10.1016.j.ijhydene.2020.01.020,train,C:\Users\user1\Desktop\Homework\בוטקאמפ\AMAT_4_Chana\src\data\..\..\src\data\sources\..\..\..\..\AMAT\amat4-week1\emps\images\636334b3f1.png,,electron microscopy,512,586,2,0.13303247653583616
c294fece54,emps,10.1016.j.ijbiomac.2020.04.179,test,C:\Users\user1\Desktop\Homework\בוטקאמפ\AMAT_4_Chana\src\data\..\..\src\data\sources\..\..\..\..\AMAT\amat4-week1\emps\images\c294fece54.png,,electron microscopy,512,576,3,0.21910603841145834
8136144eaf,emps,10.1016.j.ijbiomac.2020.04.179,test,C:\Users\user1\Desktop\Homework\בוטקאמפ\AMAT_4_Chana\src\data\..\..\src\data\sources\..\..\..\..\AMAT\amat4-week1\emps\images\8136144eaf.png,,electron microscopy,512,555,10,0.13211219031531532
fb1eb65fe5,emps,10.1016.j.ijbiomac.2019.08.234,train,C:\Users\user1\Desktop\Homework\בוטקאמפ\AMAT_4_Chana\src\data\..\..\src\data\sources\..\..\..\..\AMAT\amat4-week1\emps\images\fb1eb65fe5.png,,electron microscopy,526,512,30,0.12682316421102663
b2a7683174,emps,10.1016.j.ijbiomac.2019.08.234,train,C:\Users\user1\Desktop\Homework\בוטקאמפ\AMAT_4_Chana\src\data\..\..\src\data\sources\..\..\..\..\AMAT\amat4-week1\emps\images\b2a7683174.png,,electron microscopy,512,523,95,0.1284170351338432
6360a823da,emps,10.1016.j.ijbiomac.2019.04.196,train,C:\Users\user1\Desktop\Homework\בוטקאמפ\AMAT_4_Chana\src\data\..\..\src\data\sources\..\..\..\..\AMAT\amat4-week1\emps\images\6360a823da.png,,electron microscopy,512,626,8,0.1319576178115016
ee8a331d06,emps,10.1016.j.ijbiomac.2019.03.031,train,C:\Users\user1\Desktop\Homework\בוטקאמפ\AMAT_4_Chana\src\data\..\..\src\data\sources\..\..\..\..\AMAT\amat4-week1\emps\images\ee8a331d06.png,,electron microscopy,512,746,9,0.12546864527479892
83fd5c9288,emps,10.1016.j.ijbiomac.2019.01.191,train,C:\Users\user1\Desktop\Homework\בוטקאמפ\AMAT_4_Chana\src\data\..\..\src\data\sources\..\..\..\..\AMAT\amat4-week1\emps\images\83fd5c9288.png,,electron microscopy,513,512,9,0.1284227278265107
c984680063,emps,10.1016.j.ijbiomac.2019.01.191,train,C:\Users\user1\Desktop\Homework\בוטקאמפ\AMAT_4_Chana\src\data\..\..\src\data\sources\..\..\..\..\AMAT\amat4-week1\emps\images\c984680063.png,,electron microscopy,512,579,2,0.12975294149395508
b452204939,emps,10.1016.j.ijbiomac.2019.01.191,train,C:\Users\user1\Desktop\Homework\בוטקאמפ\AMAT_4_Chana\src\data\..\..\src\data\sources\..\..\..\..\AMAT\amat4-week1\emps\images\b452204939.png,,electron microscopy,512,558,3,0.13590669802867383
1b3c6536a3,emps,10.1016.j.ijbiomac.2019.01.142,train,C:\Users\user1\Desktop\Homework\בוטקאמפ\AMAT_4_Chana\src\data\..\..\src\data\sources\..\..\..\..\AMAT\amat4-week1\emps\images\1b3c6536a3.png,,electron microscopy,512,649,24,0.18486975154083204
d6613c4ec5,emps,10.1016.j.heliyon.2019.e01165,train,C:\Users\user1\Desktop\Homework\בוטקאמפ\AMAT_4_Chana\src\data\..\..\src\data\sources\..\..\..\..\AMAT\amat4-week1\emps\images\d6613c4ec5.png,,electron microscopy,512,616,7,0.17408811891233766
5842aa1a32,emps,10.1016.j.heliyon.2019.e01165,train,C:\Users\user1\Desktop\Homework\בוטקאמפ\AMAT_4_Chana\src\data\..\..\src\data\sources\..\..\..\..\AMAT\amat4-week1\emps\images\5842aa1a32.png,,electron microscopy,512,542,21,0.13516561923431733
724248a877,emps,10.1016.j.foodres.2020.109408,test,C:\Users\user1\Desktop\Homework\בוטקאמפ\AMAT_4_Chana\src\data\..\..\src\data\sources\..\..\..\..\AMAT\amat4-week1\emps\images\724248a877.png,,electron microscopy,512,659,6,0.13869854893778452
345fb7ab68,emps,10.1016.j.foodhyd.2020.105789,test,C:\Users\user1\Desktop\Homework\בוטקאמפ\AMAT_4_Chana\src\data\..\..\src\data\sources\..\..\..\..\AMAT\amat4-week1\emps\images\345fb7ab68.png,,electron microscopy,512,679,5,0.11880983063328424
2556313831,emps,10.1016.j.foodchem.2020.126575,train,C:\Users\user1\Desktop\Homework\בוטקאמפ\AMAT_4_Chana\src\data\..\..\src\data\sources\..\..\..\..\AMAT\amat4-week1\emps\images\2556313831.png,,electron microscopy,512,701,40,0.13239178405848787
5a6c23682b,emps,10.1016.j.foodchem.2020.126575,train,C:\Users\user1\Desktop\Homework\בוטקאמפ\AMAT_4_Chana\src\data\..\..\src\data\sources\..\..\..\..\AMAT\amat4-week1\emps\images\5a6c23682b.png,,electron microscopy,512,687,7,0.1337762691048035
ae001af29f,emps,10.1016.j.eurpolymj.2020.109818,train,C:\Users\user1\Desktop\Homework\בוטקאמפ\AMAT_4_Chana\src\data\..\..\src\data\sources\..\..\..\..\AMAT\amat4-week1\emps\images\ae001af29f.png,,electron microscopy,512,784,15,0.13420758928571427
434e287439,emps,10.1016.j.ijhydene.2019.11.192,train,C:\Users\user1\Desktop\Homework\בוטקאמפ\AMAT_4_Chana\src\data\..\..\src\data\sources\..\..\..\..\AMAT\amat4-week1\emps\images\434e287439.png,,electron microscopy,512,604,23,0.13072679532284767
1ecd5c901c,emps,10.1016.j.yofte.2019.101962,train,C:\Users\user1\Desktop\Homework\בוטקאמפ\AMAT_4_Chana\src\data\..\..\src\data\sources\..\..\..\..\AMAT\amat4-week1\emps\images\1ecd5c901c.png,,electron microscopy,512,583,68,0.21866289665523156
482193653a,emps,10.1016.j.optmat.2018.06.038,train,C:\Users\user1\Desktop\Homework\בוטקאמפ\AMAT_4_Chana\src\data\..\..\src\data\sources\..\..\..\..\AMAT\amat4-week1\emps\images\482193653a.png,,electron microscopy,512,578,497,0.1179782115051903
43be4d0a2c,emps,10.1016.j.arabjc.2015.08.008,train,C:\Users\user1\Desktop\Homework\בוטקאמפ\AMAT_4_Chana\src\data\..\..\src\data\sources\..\..\..\..\AMAT\amat4-week1\emps\images\43be4d0a2c.png,,electron microscopy,512,696,23,0.12948433010057472
eb67400438,emps,10.1016.j.ultsonch.2017.06.027,train,C:\Users\user1\Desktop\Homework\בוטקאמפ\AMAT_4_Chana\src\data\..\..\src\data\sources\..\..\..\..\AMAT\amat4-week1\emps\images\eb67400438.png,,electron microscopy,512,536,9,0.12238733092350747
a45586af89,emps,10.1016.j.ultsonch.2017.06.027,train,C:\Users\user1\Desktop\Homework\בוטקאמפ\AMAT_4_Chana\src\data\..\..\src\data\sources\..\..\..\..\AMAT\amat4-week1\emps\images\a45586af89.png,,electron microscopy,512,541,21,0.12157029805914972
a3eb38c236,emps,10.1016.j.talanta.2017.07.021,train,C:\Users\user1\Desktop\Homework\בוטקאמפ\AMAT_4_Chana\src\data\..\..\src\data\sources\..\..\..\..\AMAT\amat4-week1\emps\images\a3eb38c236.png,,electron microscopy,512,664,68,0.1279738092996988
7b76562318,emps,10.1016.j.talanta.2017.03.037,validation,C:\Users\user1\Desktop\Homework\בוטקאמפ\AMAT_4_Chana\src\data\..\..\src\data\sources\..\..\..\..\AMAT\amat4-week1\emps\images\7b76562318.png,,electron microscopy,512,723,13,0.13212093706777317
9c68e03e41,emps,10.1016.j.surfcoat.2017.10.022,train,C:\Users\user1\Desktop\Homework\בוטקאמפ\AMAT_4_Chana\src\data\..\..\src\data\sources\..\..\..\..\AMAT\amat4-week1\emps\images\9c68e03e41.png,,electron microscopy,512,826,89,0.1274993379237288
7e85b64066,emps,10.1016.j.snb.2018.07.123,train,C:\Users\user1\Desktop\Homework\בוטקאמפ\AMAT_4_Chana\src\data\..\..\src\data\sources\..\..\..\..\AMAT\amat4-week1\emps\images\7e85b64066.png,,electron microscopy,512,632,14,0.14090004450158228
7f94f4bdab,emps,10.1016.j.snb.2017.10.179,train,C:\Users\user1\Desktop\Homework\בוטקאמפ\AMAT_4_Chana\src\data\..\..\src\data\sources\..\..\..\..\AMAT\amat4-week1\emps\images\7f94f4bdab.png,,electron microscopy,512,773,21,0.13119037031047864
7fabcfe23f,emps,10.1016.j.reactfunctpolym.2017.03.004,train,C:\Users\user1\Desktop\Homework\בוטקאמפ\AMAT_4_Chana\src\data\..\..\src\data\sources\..\..\..\..\AMAT\amat4-week1\emps\images\7fabcfe23f.png,,electron microscopy,512,634,18,0.1310442133280757
4bafa92eec,emps,10.1016.j.powtec.2017.06.042,test,C:\Users\user1\Desktop\Homework\בוטקאמפ\AMAT_4_Chana\src\data\..\..\src\data\sources\..\..\..\..\AMAT\amat4-week1\emps\images\4bafa92eec.png,,electron microscopy,512,552,12,0.13606770833333334
b2f6f1bbf9,emps,10.1016.j.powtec.2017.06.042,test,C:\Users\user1\Desktop\Homework\בוטקאמפ\AMAT_4_Chana\src\data\..\..\src\data\sources\..\..\..\..\AMAT\amat4-week1\emps\images\b2f6f1bbf9.png,,electron microscopy,512,574,12,0.12726276676829268
fcc97c015c,emps,10.1016.j.porgcoat.2017.04.050,validation,C:\Users\user1\Desktop\Homework\בוטקאמפ\AMAT_4_Chana\src\data\..\..\src\data\sources\..\..\..\..\AMAT\amat4-week1\emps\images\fcc97c015c.png,,electron microscopy,512,635,12,0.13606668307086614
3537f150cd,emps,10.1016.j.porgcoat.2017.04.050,validation,C:\Users\user1\Desktop\Homework\בוטקאמפ\AMAT_4_Chana\src\data\..\..\src\data\sources\..\..\..\..\AMAT\amat4-week1\emps\images\3537f150cd.png,,electron microscopy,512,583,4,0.12054097877358491
f29baed81b,emps,10.1016.j.polymer.2017.08.061,test,C:\Users\user1\Desktop\Homework\בוטקאמפ\AMAT_4_Chana\src\data\..\..\src\data\sources\..\..\..\..\AMAT\amat4-week1\emps\images\f29baed81b.png,,electron microscopy,512,743,3,0.13204229054508748
47286679c2,emps,10.1016.j.polymer.2017.02.080,train,C:\Users\user1\Desktop\Homework\בוטקאמפ\AMAT_4_Chana\src\data\..\..\src\data\sources\..\..\..\..\AMAT\amat4-week1\emps\images\47286679c2.png,,electron microscopy,512,686,18,0.17410144861516036
c355821ea6,emps,10.1016.j.photonics.2017.04.007,train,C:\Users\user1\Desktop\Homework\בוטקאמפ\AMAT_4_Chana\src\data\..\..\src\data\sources\..\..\..\..\AMAT\amat4-week1\emps\images\c355821ea6.png,,electron microscopy,512,836,33,0.12765634345095694
50a4901372,emps,10.1016.j.orgel.2018.05.061,train,C:\Users\user1\Desktop\Homework\בוטקאמפ\AMAT_4_Chana\src\data\..\..\src\data\sources\..\..\..\..\AMAT\amat4-week1\emps\images\50a4901372.png,,electron microscopy,512,731,10,0.1389283729480164
74ef917e76,emps,10.1016.j.orgel.2018.05.061,train,C:\Users\user1\Desktop\Homework\בוטקאמפ\AMAT_4_Chana\src\data\..\..\src\data\sources\..\..\..\..\AMAT\amat4-week1\emps\images\74ef917e76.png,,electron microscopy,512,738,4,0.7917831131436315
10d85f70bd,emps,10.1016.j.orgel.2018.05.061,train,C:\Users\user1\Desktop\Homework\בוטקאמפ\AMAT_4_Chana\src\data\..\..\src\data\sources\..\..\..\..\AMAT\amat4-week1\emps\images\10d85f70bd.png,,electron microscopy,512,512,3,0.1230010986328125
a562af31ea,emps,10.1016.j.nano.2018.08.003,test,C:\Users\user1\Desktop\Homework\בוטקאמפ\AMAT_4_Chana\src\data\..\..\src\data\sources\..\..\..\..\AMAT\amat4-week1\emps\images\a562af31ea.png,,electron microscopy,512,591,3,0.129778711928934
3d103080e6,emps,10.1016.j.nano.2018.08.003,test,C:\Users\user1\Desktop\Homework\בוטקאמפ\AMAT_4_Chana\src\data\..\..\src\data\sources\..\..\..\..\AMAT\amat4-week1\emps\images\3d103080e6.png,,electron microscopy,512,661,9,0.1276061365355522
08549eb98f,emps,10.1016.j.mtchem.2016.11.005,train,C:\Users\user1\Desktop\Homework\בוטקאמפ\AMAT_4_Chana\src\data\..\..\src\data\sources\..\..\..\..\AMAT\amat4-week1\emps\images\08549eb98f.png,,electron microscopy,512,512,26,0.1334991455078125
7f50b86c4b,emps,10.1016.j.mtchem.2016.11.005,train,C:\Users\user1\Desktop\Homework\בוטקאמפ\AMAT_4_Chana\src\data\..\..\src\data\sources\..\..\..\..\AMAT\amat4-week1\emps\images\7f50b86c4b.png,,electron microscopy,512,517,218,0.126862457688588
627acee9c4,emps,10.1016.j.msec.2017.04.127,test,C:\Users\user1\Desktop\Homework\בוטקאמפ\AMAT_4_Chana\src\data\..\..\src\data\sources\..\..\..\..\AMAT\amat4-week1\emps\images\627acee9c4.png,,electron microscopy,512,774,53,0.12939579295865633
80d6a1f25a,emps,10.1016.j.micromeso.2017.03.028,train,C:\Users\user1\Desktop\Homework\בוטקאמפ\AMAT_4_Chana\src\data\..\..\src\data\sources\..\..\..\..\AMAT\amat4-week1\emps\images\80d6a1f25a.png,,electron microscopy,512,512,76,0.13116836547851562
9dc60257e5,emps,10.1016.j.jphotochem.2017.08.020,validation,C:\Users\user1\Desktop\Homework\בוטקאמפ\AMAT_4_Chana\src\data\..\..\src\data\sources\..\..\..\..\AMAT\amat4-week1\emps\images\9dc60257e5.png,,electron microscopy,512,683,8,0.7680985770497804
802e607c7c,emps,10.1016.j.jmmm.2016.11.113,train,C:\Users\user1\Desktop\Homework\בוטקאמפ\AMAT_4_Chana\src\data\..\..\src\data\sources\..\..\..\..\AMAT\amat4-week1\emps\images\802e607c7c.png,,electron microscopy,512,514,7,0.12938123176070038
82b9b9c2af,emps,10.1016.j.jece.2017.08.017,train,C:\Users\user1\Desktop\Homework\בוטקאמפ\AMAT_4_Chana\src\data\..\..\src\data\sources\..\..\..\..\AMAT\amat4-week1\emps\images\82b9b9c2af.png,,electron microscopy,512,650,69,0.14396334134615385
9ca16b98df,emps,10.1016.j.jcis.2016.12.001,train,C:\Users\user1\Desktop\Homework\בוטקאמפ\AMAT_4_Chana\src\data\..\..\src\data\sources\..\..\..\..\AMAT\amat4-week1\emps\images\9ca16b98df.png,,electron microscopy,512,659,27,0.12763775606980274
3027f9ffe7,emps,10.1016.j.ijpharm.2018.06.035,train,C:\Users\user1\Desktop\Homework\בוטקאמפ\AMAT_4_Chana\src\data\..\..\src\data\sources\..\..\..\..\AMAT\amat4-week1\emps\images\3027f9ffe7.png,,electron microscopy,512,687,38,0.14601528384279475
85743c45d1,emps,10.1016.j.ijpharm.2017.01.014,train,C:\Users\user1\Desktop\Homework\בוטקאמפ\AMAT_4_Chana\src\data\..\..\src\data\sources\..\..\..\..\AMAT\amat4-week1\emps\images\85743c45d1.png,,electron microscopy,512,572,9,0.13165838068181818
d3ed612a2d,emps,10.1016.j.ijpharm.2017.01.014,train,C:\Users\user1\Desktop\Homework\בוטקאמפ\AMAT_4_Chana\src\data\..\..\src\data\sources\..\..\..\..\AMAT\amat4-week1\emps\images\d3ed612a2d.png,,electron microscopy,512,597,1,0.42294480213567837
fe83ead30b,emps,10.1016.j.ijpharm.2017.01.014,train,C:\Users\user1\Desktop\Homework\בוטקאמפ\AMAT_4_Chana\src\data\..\..\src\data\sources\..\..\..\..\AMAT\amat4-week1\emps\images\fe83ead30b.png,,electron microscopy,512,598,2,0.4237040133779264
a8851978de,emps,10.1016.j.ijhydene.2018.04.204,train,C:\Users\user1\Desktop\Homework\בוטקאמפ\AMAT_4_Chana\src\data\..\..\src\data\sources\..\..\..\..\AMAT\amat4-week1\emps\images\a8851978de.png,,electron microscopy,512,598,17,0.12855677780100336
bf57480a38,emps,10.1016.j.electacta.2018.05.016,validation,C:\Users\user1\Desktop\Homework\בוטקאמפ\AMAT_4_Chana\src\data\..\..\src\data\sources\..\..\..\..\AMAT\amat4-week1\emps\images\bf57480a38.png,,electron microscopy,550,512,53,0.12615411931818182
9c4905d020,emps,10.1016.j.colsurfb.2017.09.009,validation,C:\Users\user1\Desktop\Homework\בוטקאמפ\AMAT_4_Chana\src\data\..\..\src\data\sources\..\..\..\..\AMAT\amat4-week1\emps\images\9c4905d020.png,,electron microscopy,512,662,114,0.13288035781722055
e8e39c913a,emps,10.1016.j.colsurfb.2017.07.002,test,C:\Users\user1\Desktop\Homework\בוטקאמפ\AMAT_4_Chana\src\data\..\..\src\data\sources\..\..\..\..\AMAT\amat4-week1\emps\images\e8e39c913a.png,,electron microscopy,521,512,32,0.12167106525911708
34f4fb273d,emps,10.1016.j.chemosphere.2017.12.064,test,C:\Users\user1\Desktop\Homework\בוטקאמפ\AMAT_4_Chana\src\data\..\..\src\data\sources\..\..\..\..\AMAT\amat4-week1\emps\images\34f4fb273d.png,,electron microscopy,513,512,4,0.1268350999025341
8fde53b05f,emps,10.1016.j.chemosphere.2017.05.118,train,C:\Users\user1\Desktop\Homework\בוטקאמפ\AMAT_4_Chana\src\data\..\..\src\data\sources\..\..\..\..\AMAT\amat4-week1\emps\images\8fde53b05f.png,,electron microscopy,512,732,5,0.13466690146857924
5c244a9ea8,emps,10.1016.j.chemosphere.2017.05.118,train,C:\Users\user1\Desktop\Homework\בוטקאמפ\AMAT_4_Chana\src\data\..\..\src\data\sources\..\..\..\..\AMAT\amat4-week1\emps\images\5c244a9ea8.png,,electron microscopy,512,669,1,0.2806281530269058
2181ebb330,emps,10.1016.j.cej.2018.06.063,test,C:\Users\user1\Desktop\Homework\בוטקאמפ\AMAT_4_Chana\src\data\..\..\src\data\sources\..\..\..\..\AMAT\amat4-week1\emps\images\2181ebb330.png,,electron microscopy,512,512,6,0.1234893798828125
59424b060a,emps,10.1016.j.cej.2017.03.050,train,C:\Users\user1\Desktop\Homework\בוטקאמפ\AMAT_4_Chana\src\data\..\..\src\data\sources\..\..\..\..\AMAT\amat4-week1\emps\images\59424b060a.png,,electron microscopy,512,512,66,0.11868667602539062
bcab6454cf,emps,10.1016.j.carbpol.2017.03.031,test,C:\Users\user1\Desktop\Homework\בוטקאמפ\AMAT_4_Chana\src\data\..\..\src\data\sources\..\..\..\..\AMAT\amat4-week1\emps\images\bcab6454cf.png,,electron microscopy,512,748,20,0.1280471883355615
b23c478d84,emps,10.1016.j.biotechadv.2018.02.016,train,C:\Users\user1\Desktop\Homework\בוטקאמפ\AMAT_4_Chana\src\data\..\..\src\data\sources\..\..\..\..\AMAT\amat4-week1\emps\images\b23c478d84.png,,electron microscopy,512,533,2,0.12453462124765478
70f9f13af4,emps,10.1016.j.bios.2018.03.016,train,C:\Users\user1\Desktop\Homework\בוטקאמפ\AMAT_4_Chana\src\data\..\..\src\data\sources\..\..\..\..\AMAT\amat4-week1\emps\images\70f9f13af4.png,,electron microscopy,512,631,61,0.12910125297147385
e3a800b533,emps,10.1016.j.bios.2017.04.035,train,C:\Users\user1\Desktop\Homework\בוטקאמפ\AMAT_4_Chana\src\data\..\..\src\data\sources\..\..\..\..\AMAT\amat4-week1\emps\images\e3a800b533.png,,electron microscopy,513,512,167,0.12301641691033138
8d7fc4c578,emps,10.1016.j.bios.2016.02.056,train,C:\Users\user1\Desktop\Homework\בוטקאמפ\AMAT_4_Chana\src\data\..\..\src\data\sources\..\..\..\..\AMAT\amat4-week1\emps\images\8d7fc4c578.png,,electron microscopy,512,662,43,0.13088297771903323
1a29c5b84f,emps,10.1016.j.biomaterials.2017.07.027,validation,C:\Users\user1\Desktop\Homework\בוטקאמפ\AMAT_4_Chana\src\data\..\..\src\data\sources\..\..\..\..\AMAT\amat4-week1\emps\images\1a29c5b84f.png,,electron microscopy,536,512,20,0.13111080340485073
065d8e352c,emps,10.1016.j.biomaterials.2017.07.005,train,C:\Users\user1\Desktop\Homework\בוטקאמפ\AMAT_4_Chana\src\data\..\..\src\data\sources\..\..\..\..\AMAT\amat4-week1\emps\images\065d8e352c.png,,electron microscopy,512,525,33,0.1284375
77f09d7ca4,emps,10.1016.j.biomaterials.2017.06.008,train,C:\Users\user1\Desktop\Homework\בוטקאמפ\AMAT_4_Chana\src\data\..\..\src\data\sources\..\..\..\..\AMAT\amat4-week1\emps\images\77f09d7ca4.png,,electron microscopy,512,580,123,0.1292901400862069
1cb46bfdd5,emps,10.1016.j.biomaterials.2017.04.028,train,C:\Users\user1\Desktop\Homework\בוטקאמפ\AMAT_4_Chana\src\data\..\..\src\data\sources\..\..\..\..\AMAT\amat4-week1\emps\images\1cb46bfdd5.png,,electron microscopy,512,750,4,0.13158072916666666
d3971746e0,emps,10.1016.j.biomaterials.2016.10.022,train,C:\Users\user1\Desktop\Homework\בוטקאמפ\AMAT_4_Chana\src\data\..\..\src\data\sources\..\..\..\..\AMAT\amat4-week1\emps\images\d3971746e0.png,,electron microscopy,512,629,4,0.13296154610492847
738c326d73,emps,10.1016.j.arabjc.2018.03.016,train,C:\Users\user1\Desktop\Homework\בוטקאמפ\AMAT_4_Chana\src\data\..\..\src\data\sources\..\..\..\..\AMAT\amat4-week1\emps\images\738c326d73.png,,electron microscopy,512,514,3,0.12306207441634241
1b935635dd,emps,10.1016.j.apsusc.2018.07.051,train,C:\Users\user1\Desktop\Homework\בוטקאמפ\AMAT_4_Chana\src\data\..\..\src\data\sources\..\..\..\..\AMAT\amat4-week1\emps\images\1b935635dd.png,,electron microscopy,512,697,4,0.13226327116212339
98a18b7db9,emps,10.1016.j.apsusc.2018.04.093,test,C:\Users\user1\Desktop\Homework\בוטקאמפ\AMAT_4_Chana\src\data\..\..\src\data\sources\..\..\..\..\AMAT\amat4-week1\emps\images\98a18b7db9.png,,electron microscopy,512,754,41,0.13271665699602123
41ac55ed12,emps,10.1016.j.apsusc.2018.01.189,train,C:\Users\user1\Desktop\Homework\בוטקאמפ\AMAT_4_Chana\src\data\..\..\src\data\sources\..\..\..\..\AMAT\amat4-week1\emps\images\41ac55ed12.png,,electron microscopy,512,698,3,0.13459773459885388
e4065c11e4,emps,10.1016.j.apsusc.2017.11.151,train,C:\Users\user1\Desktop\Homework\בוטקאמפ\AMAT_4_Chana\src\data\..\..\src\data\sources\..\..\..\..\AMAT\amat4-week1\emps\images\e4065c11e4.png,,electron microscopy,512,648,6,0.14400679976851852
611b9564a4,emps,10.1016.j.apsusc.2017.07.106,train,C:\Users\user1\Desktop\Homework\בוטקאמפ\AMAT_4_Chana\src\data\..\..\src\data\sources\..\..\..\..\AMAT\amat4-week1\emps\images\611b9564a4.png,,electron microscopy,512,515,17,0.1273096177184466
8dffc01cc2,emps,10.1016.j.apsusc.2017.05.051,test,C:\Users\user1\Desktop\Homework\בוטקאמפ\AMAT_4_Chana\src\data\..\..\src\data\sources\..\..\..\..\AMAT\amat4-week1\emps\images\8dffc01cc2.png,,electron microscopy,512,675,66,0.1740914351851852
c0ba8a65a5,emps,10.1016.j.apsusc.2017.03.154,test,C:\Users\user1\Desktop\Homework\בוטקאמפ\AMAT_4_Chana\src\data\..\..\src\data\sources\..\..\..\..\AMAT\amat4-week1\emps\images\c0ba8a65a5.png,,electron microscopy,512,693,5,0.1360930735930736
43875c5b20,emps,10.1016.j.apsusc.2017.02.159,train,C:\Users\user1\Desktop\Homework\בוטקאמפ\AMAT_4_Chana\src\data\..\..\src\data\sources\..\..\..\..\AMAT\amat4-week1\emps\images\43875c5b20.png,,electron microscopy,512,595,29,0.1254201680672269
0289bd97e6,emps,10.1016.j.apsusc.2016.11.098,train,C:\Users\user1\Desktop\Homework\בוטקאמפ\AMAT_4_Chana\src\data\..\..\src\data\sources\..\..\..\..\AMAT\amat4-week1\emps\images\0289bd97e6.png,,electron microscopy,512,687,108,0.12901428311499272
3430b20071,emps,10.1016.j.applthermaleng.2016.12.054,train,C:\Users\user1\Desktop\Homework\בוטקאמפ\AMAT_4_Chana\src\data\..\..\src\data\sources\..\..\..\..\AMAT\amat4-week1\emps\images\3430b20071.png,,electron microscopy,512,514,5,0.12381824537937743
ca780314cd,emps,10.1016.j.apcatb.2016.08.003,validation,C:\Users\user1\Desktop\Homework\בוטקאמפ\AMAT_4_Chana\src\data\..\..\src\data\sources\..\..\..\..\AMAT\amat4-week1\emps\images\ca780314cd.png,,electron microscopy,512,732,39,0.1340452100409836
d83980d44e,emps,10.1016.j.apcata.2016.10.031,test,C:\Users\user1\Desktop\Homework\בוטקאמפ\AMAT_4_Chana\src\data\..\..\src\data\sources\..\..\..\..\AMAT\amat4-week1\emps\images\d83980d44e.png,,electron microscopy,512,668,80,0.12605843001497005
9d2e813224,emps,10.1016.j.actbio.2018.05.038,train,C:\Users\user1\Desktop\Homework\בוטקאמפ\AMAT_4_Chana\src\data\..\..\src\data\sources\..\..\..\..\AMAT\amat4-week1\emps\images\9d2e813224.png,,electron microscopy,512,545,6,0.12514693233944954
b392e4784f,emps,10.1016.j.actbio.2018.05.038,train,C:\Users\user1\Desktop\Homework\בוטקאמפ\AMAT_4_Chana\src\data\..\..\src\data\sources\..\..\..\..\AMAT\amat4-week1\emps\images\b392e4784f.png,,electron microscopy,512,536,16,0.12651585820895522
bf6f1a320a,emps,10.1016.j.actbio.2018.02.010,train,C:\Users\user1\Desktop\Homework\בוטקאמפ\AMAT_4_Chana\src\data\..\..\src\data\sources\..\..\..\..\AMAT\amat4-week1\emps\images\bf6f1a320a.png,,electron microscopy,512,683,8,0.12228049505856516
28d7e31165,emps,10.1016.j.actbio.2016.11.037,train,C:\Users\user1\Desktop\Homework\בוטקאמפ\AMAT_4_Chana\src\data\..\..\src\data\sources\..\..\..\..\AMAT\amat4-week1\emps\images\28d7e31165.png,,electron microscopy,512,517,36,0.13644297026112184
2bc87a8698,emps,10.1016.j.actbio.2016.09.041,train,C:\Users\user1\Desktop\Homework\בוטקאמפ\AMAT_4_Chana\src\data\..\..\src\data\sources\..\..\..\..\AMAT\amat4-week1\emps\images\2bc87a8698.png,,electron microscopy,512,567,6,0.13541322200176367
53025d5189,emps,10.1016.j.aca.2018.07.020,test,C:\Users\user1\Desktop\Homework\בוטקאמפ\AMAT_4_Chana\src\data\..\..\src\data\sources\..\..\..\..\AMAT\amat4-week1\emps\images\53025d5189.png,,electron microscopy,512,568,31,0.12194996148767606
01ac659240,emps,10.1016.j.biopha.2016.07.011,train,C:\Users\user1\Desktop\Homework\בוטקאמפ\AMAT_4_Chana\src\data\..\..\src\data\sources\..\..\..\..\AMAT\amat4-week1\emps\images\01ac659240.png,,electron microscopy,512,587,6,0.13288902789608179
5d72761807,emps,10.1016.j.ultramic.2016.08.008,train,C:\Users\user1\Desktop\Homework\בוטקאמפ\AMAT_4_Chana\src\data\..\..\src\data\sources\..\..\..\..\AMAT\amat4-week1\emps\images\5d72761807.png,,electron microscopy,512,512,6,0.7593116760253906
fe9791f122,emps,10.1016.j.tox.2016.08.020,validation,C:\Users\user1\Desktop\Homework\בוטקאמפ\AMAT_4_Chana\src\data\..\..\src\data\sources\..\..\..\..\AMAT\amat4-week1\emps\images\fe9791f122.png,,electron microscopy,512,673,113,0.13569140044576522
2c6c108b4d,emps,10.1016.j.talanta.2016.10.100,train,C:\Users\user1\Desktop\Homework\בוטקאמפ\AMAT_4_Chana\src\data\..\..\src\data\sources\..\..\..\..\AMAT\amat4-week1\emps\images\2c6c108b4d.png,,electron microscopy,514,512,49,0.12704052164396887
fd1f58d925,emps,10.1016.j.snb.2017.07.010,train,C:\Users\user1\Desktop\Homework\בוטקאמפ\AMAT_4_Chana\src\data\..\..\src\data\sources\..\..\..\..\AMAT\amat4-week1\emps\images\fd1f58d925.png,,electron microscopy,512,642,37,0.14072539427570094
391ef00939,emps,10.1016.j.snb.2017.01.137,test,C:\Users\user1\Desktop\Homework\בוטקאמפ\AMAT_4_Chana\src\data\..\..\src\data\sources\..\..\..\..\AMAT\amat4-week1\emps\images\391ef00939.png,,electron microscopy,513,512,43,0.16433281554580897
31121ca5cf,emps,10.1016.j.snb.2017.01.137,test,C:\Users\user1\Desktop\Homework\בוטקאמפ\AMAT_4_Chana\src\data\..\..\src\data\sources\..\..\..\..\AMAT\amat4-week1\emps\images\31121ca5cf.png,,electron microscopy,512,512,68,0.12507247924804688
95e201a1fe,emps,10.1016.j.snb.2017.01.046,train,C:\Users\user1\Desktop\Homework\בוטקאמפ\AMAT_4_Chana\src\data\..\..\src\data\sources\..\..\..\..\AMAT\amat4-week1\emps\images\95e201a1fe.png,,electron microscopy,512,522,15,0.12618983477011494
37ce835fb2,emps,10.1016.j.snb.2016.10.018,train,C:\Users\user1\Desktop\Homework\בוטקאמפ\AMAT_4_Chana\src\data\..\..\src\data\sources\..\..\..\..\AMAT\amat4-week1\emps\images\37ce835fb2.png,,electron microscopy,512,916,66,0.16587063318777293
3b18ef9b73,emps,10.1016.j.snb.2016.07.021,test,C:\Users\user1\Desktop\Homework\בוטקאמפ\AMAT_4_Chana\src\data\..\..\src\data\sources\..\..\..\..\AMAT\amat4-week1\emps\images\3b18ef9b73.png,,electron microscopy,515,512,28,0.1265283677184466
07330c8ea1,emps,10.1016.j.reactfunctpolym.2017.09.005,train,C:\Users\user1\Desktop\Homework\בוטקאמפ\AMAT_4_Chana\src\data\..\..\src\data\sources\..\..\..\..\AMAT\amat4-week1\emps\images\07330c8ea1.png,,electron microscopy,526,512,70,0.12200347552281368
dc25ff5266,emps,10.1016.j.reactfunctpolym.2016.05.013,train,C:\Users\user1\Desktop\Homework\בוטקאמפ\AMAT_4_Chana\src\data\..\..\src\data\sources\..\..\..\..\AMAT\amat4-week1\emps\images\dc25ff5266.png,,electron microscopy,512,647,136,0.1303522266228748
60feb7de8f,emps,10.1016.j.polymer.2017.02.080,train,C:\Users\user1\Desktop\Homework\בוטקאמפ\AMAT_4_Chana\src\data\..\..\src\data\sources\..\..\..\..\AMAT\amat4-week1\emps\images\60feb7de8f.png,,electron microscopy,512,691,41,0.17645961468885674
427ebc9e15,emps,10.1016.j.polymer.2017.02.080,train,C:\Users\user1\Desktop\Homework\בוטקאמפ\AMAT_4_Chana\src\data\..\..\src\data\sources\..\..\..\..\AMAT\amat4-week1\emps\images\427ebc9e15.png,,electron microscopy,512,726,18,0.2227584796831956
93ed483d79,emps,10.1016.j.pmatsci.2016.04.003,train,C:\Users\user1\Desktop\Homework\בוטקאמפ\AMAT_4_Chana\src\data\..\..\src\data\sources\..\..\..\..\AMAT\amat4-week1\emps\images\93ed483d79.png,,electron microscopy,589,512,8,0.12931411820882852
ee161d333c,emps,10.1016.j.orgel.2017.09.038,train,C:\Users\user1\Desktop\Homework\בוטקאמפ\AMAT_4_Chana\src\data\..\..\src\data\sources\..\..\..\..\AMAT\amat4-week1\emps\images\ee161d333c.png,,electron microscopy,512,568,2,0.1280947403169014
1e0f5d817e,emps,10.1016.j.orgel.2016.06.017,train,C:\Users\user1\Desktop\Homework\בוטקאמפ\AMAT_4_Chana\src\data\..\..\src\data\sources\..\..\..\..\AMAT\amat4-week1\emps\images\1e0f5d817e.png,,electron microscopy,512,547,7,0.13407292618829983
208b16bbb7,emps,10.1016.j.nano.2017.01.007,test,C:\Users\user1\Desktop\Homework\בוטקאמפ\AMAT_4_Chana\src\data\..\..\src\data\sources\..\..\..\..\AMAT\amat4-week1\emps\images\208b16bbb7.png,,electron microscopy,512,515,16,0.1278595266990291
6c52a10c75,emps,10.1016.j.mtchem.2016.11.005,train,C:\Users\user1\Desktop\Homework\בוטקאמפ\AMAT_4_Chana\src\data\..\..\src\data\sources\..\..\..\..\AMAT\amat4-week1\emps\images\6c52a10c75.png,,electron microscopy,512,516,111,0.12566239704457363
9c29ca7edf,emps,10.1016.j.micromeso.2017.03.028,train,C:\Users\user1\Desktop\Homework\בוטקאמפ\AMAT_4_Chana\src\data\..\..\src\data\sources\..\..\..\..\AMAT\amat4-week1\emps\images\9c29ca7edf.png,,electron microscopy,535,512,42,0.12275116822429906
f3b36fb2ab,emps,10.1016.j.micpath.2017.10.032,train,C:\Users\user1\Desktop\Homework\בוטקאמפ\AMAT_4_Chana\src\data\..\..\src\data\sources\..\..\..\..\AMAT\amat4-week1\emps\images\f3b36fb2ab.png,,electron microscopy,513,512,243,0.12282605384990253
bf901d32a3,emps,10.1016.j.memsci.2017.03.040,train,C:\Users\user1\Desktop\Homework\בוטקאמפ\AMAT_4_Chana\src\data\..\..\src\data\sources\..\..\..\..\AMAT\amat4-week1\emps\images\bf901d32a3.png,,electron microscopy,512,701,7,0.1303940798858773
2387be5eaf,emps,10.1016.j.memsci.2016.10.040,test,C:\Users\user1\Desktop\Homework\בוטקאמפ\AMAT_4_Chana\src\data\..\..\src\data\sources\..\..\..\..\AMAT\amat4-week1\emps\images\2387be5eaf.png,,electron microscopy,512,783,2,0.18157577027458494
39b0dc1f52,emps,10.1016.j.matdes.2017.08.026,test,C:\Users\user1\Desktop\Homework\בוטקאמפ\AMAT_4_Chana\src\data\..\..\src\data\sources\..\..\..\..\AMAT\amat4-week1\emps\images\39b0dc1f52.png,,electron microscopy,512,681,55,0.15355405653450807
1736c60650,emps,10.1016.j.matdes.2016.06.107,train,C:\Users\user1\Desktop\Homework\בוטקאמפ\AMAT_4_Chana\src\data\..\..\src\data\sources\..\..\..\..\AMAT\amat4-week1\emps\images\1736c60650.png,,electron microscopy,512,615,3,0.1279249237804878
b5ba9813a4,emps,10.1016.j.jpowsour.2017.01.058,test,C:\Users\user1\Desktop\Homework\בוטקאמפ\AMAT_4_Chana\src\data\..\..\src\data\sources\..\..\..\..\AMAT\amat4-week1\emps\images\b5ba9813a4.png,,electron microscopy,512,514,20,0.12259089250972763
ed120ef412,emps,10.1016.j.jlumin.2017.06.007,train,C:\Users\user1\Desktop\Homework\בוטקאמפ\AMAT_4_Chana\src\data\..\..\src\data\sources\..\..\..\..\AMAT\amat4-week1\emps\images\ed120ef412.png,,electron microscopy,512,664,9,0.1295386624623494
294049f7a8,emps,10.1016.j.jlumin.2017.03.011,test,C:\Users\user1\Desktop\Homework\בוטקאמפ\AMAT_4_Chana\src\data\..\..\src\data\sources\..\..\..\..\AMAT\amat4-week1\emps\images\294049f7a8.png,,electron microscopy,512,684,63,0.14565058479532164
8c22d1acd5,emps,10.1016.j.jconrel.2016.01.034,test,C:\Users\user1\Desktop\Homework\בוטקאמפ\AMAT_4_Chana\src\data\..\..\src\data\sources\..\..\..\..\AMAT\amat4-week1\emps\images\8c22d1acd5.png,,electron microscopy,512,593,10,0.12682137963743675
e493a405ad,emps,10.1016.j.jcis.2016.04.046,test,C:\Users\user1\Desktop\Homework\בוטקאמפ\AMAT_4_Chana\src\data\..\..\src\data\sources\..\..\..\..\AMAT\amat4-week1\emps\images\e493a405ad.png,,electron microscopy,512,514,234,0.11882903696498054
aa309f6cec,emps,10.1016.j.jcis.2016.01.026,train,C:\Users\user1\Desktop\Homework\בוטקאמפ\AMAT_4_Chana\src\data\..\..\src\data\sources\..\..\..\..\AMAT\amat4-week1\emps\images\aa309f6cec.png,,electron microscopy,512,512,19,0.13785934448242188
62e729e838,emps,10.1016.j.jcis.2016.01.026,train,C:\Users\user1\Desktop\Homework\בוטקאמפ\AMAT_4_Chana\src\data\..\..\src\data\sources\..\..\..\..\AMAT\amat4-week1\emps\images\62e729e838.png,,electron microscopy,512,512,4,0.12696075439453125
3d1937b05c,emps,10.1016.j.jallcom.2016.11.216,test,C:\Users\user1\Desktop\Homework\בוטקאמפ\AMAT_4_Chana\src\data\..\..\src\data\sources\..\..\..\..\AMAT\amat4-week1\emps\images\3d1937b05c.png,,electron microscopy,512,779,43,0.12998184772143775
bfb2a25730,emps,10.1016.j.inoche.2016.08.001,train,C:\Users\user1\Desktop\Homework\בוטקאמפ\AMAT_4_Chana\src\data\..\..\src\data\sources\..\..\..\..\AMAT\amat4-week1\emps\images\bfb2a25730.png,,electron microscopy,512,674,9,0.12713858494065283
f485e2051b,emps,10.1016.j.ijpharm.2017.03.031,validation,C:\Users\user1\Desktop\Homework\בוטקאמפ\AMAT_4_Chana\src\data\..\..\src\data\sources\..\..\..\..\AMAT\amat4-week1\emps\images\f485e2051b.png,,electron microscopy,512,515,123,0.1359033677184466
ed3a3cb76b,emps,10.1016.j.ijpharm.2016.04.073,train,C:\Users\user1\Desktop\Homework\בוטקאמפ\AMAT_4_Chana\src\data\..\..\src\data\sources\..\..\..\..\AMAT\amat4-week1\emps\images\ed3a3cb76b.png,,electron microscopy,512,513,20,0.1191901193957115
63df66fb4d,emps,10.1016.j.ijpharm.2016.01.054,validation,C:\Users\user1\Desktop\Homework\בוטקאמפ\AMAT_4_Chana\src\data\..\..\src\data\sources\..\..\..\..\AMAT\amat4-week1\emps\images\63df66fb4d.png,,electron microscopy,512,729,11,0.13210787465706447
e49ed62b0b,emps,10.1016.j.ijhydene.2017.08.104,test,C:\Users\user1\Desktop\Homework\בוטקאמפ\AMAT_4_Chana\src\data\..\..\src\data\sources\..\..\..\..\AMAT\amat4-week1\emps\images\e49ed62b0b.png,,electron microscopy,512,592,37,0.13056574641047297
97e645b56e,emps,10.1016.j.ijhydene.2016.06.263,train,C:\Users\user1\Desktop\Homework\בוטקאמפ\AMAT_4_Chana\src\data\..\..\src\data\sources\..\..\..\..\AMAT\amat4-week1\emps\images\97e645b56e.png,,electron microscopy,521,512,36,0.12637206094049905
3ac1920a79,emps,10.1016.j.ijhydene.2016.05.184,train,C:\Users\user1\Desktop\Homework\בוטקאמפ\AMAT_4_Chana\src\data\..\..\src\data\sources\..\..\..\..\AMAT\amat4-week1\emps\images\3ac1920a79.png,,electron microscopy,512,700,23,0.12836216517857144
31a727b95d,emps,10.1016.j.ijbiomac.2016.08.050,train,C:\Users\user1\Desktop\Homework\בוטקאמפ\AMAT_4_Chana\src\data\..\..\src\data\sources\..\..\..\..\AMAT\amat4-week1\emps\images\31a727b95d.png,,electron microscopy,512,631,30,0.13036722464342312
6fe6ed78ab,emps,10.1016.j.flatc.2017.07.004,test,C:\Users\user1\Desktop\Homework\בוטקאמפ\AMAT_4_Chana\src\data\..\..\src\data\sources\..\..\..\..\AMAT\amat4-week1\emps\images\6fe6ed78ab.png,,electron microscopy,512,560,7,0.21356375558035715
e73bcbd77d,emps,10.1016.j.eurpolymj.2016.02.025,train,C:\Users\user1\Desktop\Homework\בוטקאמפ\AMAT_4_Chana\src\data\..\..\src\data\sources\..\..\..\..\AMAT\amat4-week1\emps\images\e73bcbd77d.png,,electron microscopy,512,597,6,0.22841420644891122
cc9540d282,emps,10.1016.j.electacta.2017.03.122,validation,C:\Users\user1\Desktop\Homework\בוטקאמפ\AMAT_4_Chana\src\data\..\..\src\data\sources\..\..\..\..\AMAT\amat4-week1\emps\images\cc9540d282.png,,electron microscopy,512,560,3,0.17890276227678573
34864e691e,emps,10.1016.j.electacta.2016.10.070,train,C:\Users\user1\Desktop\Homework\בוטקאמפ\AMAT_4_Chana\src\data\..\..\src\data\sources\..\..\..\..\AMAT\amat4-week1\emps\images\34864e691e.png,,electron microscopy,512,512,21,0.13167953491210938
f32c7bd62b,emps,10.1016.j.cossms.2017.01.001,train,C:\Users\user1\Desktop\Homework\בוטקאמפ\AMAT_4_Chana\src\data\..\..\src\data\sources\..\..\..\..\AMAT\amat4-week1\emps\images\f32c7bd62b.png,,electron microscopy,528,512,277,0.11721339370265152
9318f3ce70,emps,10.1016.j.colsurfb.2017.09.011,validation,C:\Users\user1\Desktop\Homework\בוטקאמפ\AMAT_4_Chana\src\data\..\..\src\data\sources\..\..\..\..\AMAT\amat4-week1\emps\images\9318f3ce70.png,,electron microscopy,512,547,44,0.12771723606032906
70345dfad1,emps,10.1016.j.colsurfb.2016.05.036,test,C:\Users\user1\Desktop\Homework\בוטקאמפ\AMAT_4_Chana\src\data\..\..\src\data\sources\..\..\..\..\AMAT\amat4-week1\emps\images\70345dfad1.png,,electron microscopy,512,759,45,0.14681375576416336
f24b8804c9,emps,10.1016.j.colsurfa.2016.02.033,test,C:\Users\user1\Desktop\Homework\בוטקאמפ\AMAT_4_Chana\src\data\..\..\src\data\sources\..\..\..\..\AMAT\amat4-week1\emps\images\f24b8804c9.png,,electron microscopy,514,512,26,0.1304717898832685
b95828224e,emps,10.1016.j.colsurfa.2016.02.033,test,C:\Users\user1\Desktop\Homework\בוטקאמפ\AMAT_4_Chana\src\data\..\..\src\data\sources\..\..\..\..\AMAT\amat4-week1\emps\images\b95828224e.png,,electron microscopy,512,732,22,0.12409814719945356
f6c0d8967e,emps,10.1016.j.colsurfa.2016.01.010,validation,C:\Users\user1\Desktop\Homework\בוטקאמפ\AMAT_4_Chana\src\data\..\..\src\data\sources\..\..\..\..\AMAT\amat4-week1\emps\images\f6c0d8967e.png,,electron microscopy,512,867,44,0.12668504901960784
62223ab32f,emps,10.1016.j.chemgeo.2016.12.027,train,C:\Users\user1\Desktop\Homework\בוטקאמפ\AMAT_4_Chana\src\data\..\..\src\data\sources\..\..\..\..\AMAT\amat4-week1\emps\images\62223ab32f.png,,electron microscopy,512,779,5,0.12449604862002567
f7fa7d1729,emps,10.1016.j.cej.2017.08.022,test,C:\Users\user1\Desktop\Homework\בוטקאמפ\AMAT_4_Chana\src\data\..\..\src\data\sources\..\..\..\..\AMAT\amat4-week1\emps\images\f7fa7d1729.png,,electron microscopy,516,512,16,0.12233905644379844
1bf56ce626,emps,10.1016.j.cej.2015.12.020,train,C:\Users\user1\Desktop\Homework\בוטקאמפ\AMAT_4_Chana\src\data\..\..\src\data\sources\..\..\..\..\AMAT\amat4-week1\emps\images\1bf56ce626.png,,electron microscopy,512,681,19,0.3451610682819383
5c1cd79e2e,emps,10.1016.j.cej.2015.12.020,train,C:\Users\user1\Desktop\Homework\בוטקאמפ\AMAT_4_Chana\src\data\..\..\src\data\sources\..\..\..\..\AMAT\amat4-week1\emps\images\5c1cd79e2e.png,,electron microscopy,512,823,34,0.16966082548602673
f664201c62,emps,10.1016.j.cej.2015.12.020,train,C:\Users\user1\Desktop\Homework\בוטקאמפ\AMAT_4_Chana\src\data\..\..\src\data\sources\..\..\..\..\AMAT\amat4-week1\emps\images\f664201c62.png,,electron microscopy,512,551,46,0.3340375453720508
586dc6cc59,emps,10.1016.j.ccr.2015.08.002,train,C:\Users\user1\Desktop\Homework\בוטקאמפ\AMAT_4_Chana\src\data\..\..\src\data\sources\..\..\..\..\AMAT\amat4-week1\emps\images\586dc6cc59.png,,electron microscopy,512,535,177,0.12774167640186915
4628753cd8,emps,10.1016.j.cattod.2016.02.047,train,C:\Users\user1\Desktop\Homework\בוטקאמפ\AMAT_4_Chana\src\data\..\..\src\data\sources\..\..\..\..\AMAT\amat4-week1\emps\images\4628753cd8.png,,electron microscopy,512,671,2,0.14232779899403875
a4027c076c,emps,10.1016.j.cattod.2016.02.047,train,C:\Users\user1\Desktop\Homework\בוטקאמפ\AMAT_4_Chana\src\data\..\..\src\data\sources\..\..\..\..\AMAT\amat4-week1\emps\images\a4027c076c.png,,electron microscopy,512,685,43,0.14479071624087592
2d1a6c5ce4,emps,10.1016.j.carbpol.2016.07.018,train,C:\Users\user1\Desktop\Homework\בוטקאמפ\AMAT_4_Chana\src\data\..\..\src\data\sources\..\..\..\..\AMAT\amat4-week1\emps\images\2d1a6c5ce4.png,,electron microscopy,512,768,12,0.14571634928385416
2807b90ea9,emps,10.1016.j.carbpol.2016.07.018,train,C:\Users\user1\Desktop\Homework\בוטקאמפ\AMAT_4_Chana\src\data\..\..\src\data\sources\..\..\..\..\AMAT\amat4-week1\emps\images\2807b90ea9.png,,electron microscopy,512,777,61,0.14460666023166024
453123a947,emps,10.1016.j.carbpol.2016.07.018,train,C:\Users\user1\Desktop\Homework\בוטקאמפ\AMAT_4_Chana\src\data\..\..\src\data\sources\..\..\..\..\AMAT\amat4-week1\emps\images\453123a947.png,,electron microscopy,512,669,3,0.21499848187593423
b0e3041a0d,emps,10.1016.j.carbon.2016.10.005,validation,C:\Users\user1\Desktop\Homework\בוטקאמפ\AMAT_4_Chana\src\data\..\..\src\data\sources\..\..\..\..\AMAT\amat4-week1\emps\images\b0e3041a0d.png,,electron microscopy,512,740,3,0.15565878378378378
2cd773d930,emps,10.1016.j.bios.2016.09.003,test,C:\Users\user1\Desktop\Homework\בוטקאמפ\AMAT_4_Chana\src\data\..\..\src\data\sources\..\..\..\..\AMAT\amat4-week1\emps\images\2cd773d930.png,,electron microscopy,512,518,94,0.12979609073359075
96c772f28b,emps,10.1016.j.bios.2016.03.014,test,C:\Users\user1\Desktop\Homework\בוטקאמפ\AMAT_4_Chana\src\data\..\..\src\data\sources\..\..\..\..\AMAT\amat4-week1\emps\images\96c772f28b.png,,electron microscopy,512,683,25,0.1740883510248902
f068954421,emps,10.1016.j.bios.2015.07.042,train,C:\Users\user1\Desktop\Homework\בוטקאמפ\AMAT_4_Chana\src\data\..\..\src\data\sources\..\..\..\..\AMAT\amat4-week1\emps\images\f068954421.png,,electron microscopy,512,634,3,0.3514238712539432
5eb66b74ea,emps,10.1016.j.biomaterials.2016.11.010,train,C:\Users\user1\Desktop\Homework\בוטקאמפ\AMAT_4_Chana\src\data\..\..\src\data\sources\..\..\..\..\AMAT\amat4-week1\emps\images\5eb66b74ea.png,,electron microscopy,512,512,7,0.13046646118164062
a68915823c,emps,10.1016.j.apsusc.2017.05.179,train,C:\Users\user1\Desktop\Homework\בוטקאמפ\AMAT_4_Chana\src\data\..\..\src\data\sources\..\..\..\..\AMAT\amat4-week1\emps\images\a68915823c.png,,electron microscopy,512,734,42,0.12807337789509537
84a6330bdb,emps,10.1016.j.apsusc.2016.06.199,test,C:\Users\user1\Desktop\Homework\בוטקאמפ\AMAT_4_Chana\src\data\..\..\src\data\sources\..\..\..\..\AMAT\amat4-week1\emps\images\84a6330bdb.png,,electron microscopy,512,517,63,0.13529073984526113
a8e3f32537,emps,10.1016.j.apsusc.2015.11.233,test,C:\Users\user1\Desktop\Homework\בוטקאמפ\AMAT_4_Chana\src\data\..\..\src\data\sources\..\..\..\..\AMAT\amat4-week1\emps\images\a8e3f32537.png,,electron microscopy,512,683,54,0.13145417734260614
ae843e9fc0,emps,10.1016.j.apcatb.2017.05.020,test,C:\Users\user1\Desktop\Homework\בוטקאמפ\AMAT_4_Chana\src\data\..\..\src\data\sources\..\..\..\..\AMAT\amat4-week1\emps\images\ae843e9fc0.png,,electron microscopy,512,816,27,0.5414823644301471
c363833ad2,emps,10.1016.j.apcatb.2016.10.081,test,C:\Users\user1\Desktop\Homework\בוטקאמפ\AMAT_4_Chana\src\data\..\..\src\data\sources\..\..\..\..\AMAT\amat4-week1\emps\images\c363833ad2.png,,electron microscopy,512,579,30,0.5232485967184801
0ca41ed5b8,emps,10.1016.j.apcatb.2016.09.016,train,C:\Users\user1\Desktop\Homework\בוטקאמפ\AMAT_4_Chana\src\data\..\..\src\data\sources\..\..\..\..\AMAT\amat4-week1\emps\images\0ca41ed5b8.png,,electron microscopy,512,515,4,0.1318340412621359
245e1a4826,emps,10.1016.j.apcatb.2016.08.033,train,C:\Users\user1\Desktop\Homework\בוטקאמפ\AMAT_4_Chana\src\data\..\..\src\data\sources\..\..\..\..\AMAT\amat4-week1\emps\images\245e1a4826.png,,electron microscopy,512,520,128,0.12474459134615384
707120d0f5,emps,10.1016.j.actbio.2016.12.014,train,C:\Users\user1\Desktop\Homework\בוטקאמפ\AMAT_4_Chana\src\data\..\..\src\data\sources\..\..\..\..\AMAT\amat4-week1\emps\images\707120d0f5.png,,electron microscopy,512,526,3,0.12742098384030418
ec2cc16d2a,emps,10.1016.j.actbio.2016.06.003,train,C:\Users\user1\Desktop\Homework\בוטקאמפ\AMAT_4_Chana\src\data\..\..\src\data\sources\..\..\..\..\AMAT\amat4-week1\emps\images\ec2cc16d2a.png,,electron microscopy,512,632,6,0.14926881428006328
78834ed976,emps,10.1016.j.actbio.2016.06.003,train,C:\Users\user1\Desktop\Homework\בוטקאמפ\AMAT_4_Chana\src\data\..\..\src\data\sources\..\..\..\..\AMAT\amat4-week1\emps\images\78834ed976.png,,electron microscopy,512,540,11,0.2658962673611111
e6bfc43298,emps,10.1016.j.actamat.2017.04.013,validation,C:\Users\user1\Desktop\Homework\בוטקאמפ\AMAT_4_Chana\src\data\..\..\src\data\sources\..\..\..\..\AMAT\amat4-week1\emps\images\e6bfc43298.png,,electron microscopy,512,614,6,0.13306697882736157
9ef6e6b29d,emps,10.1016.j.abb.2016.01.013,validation,C:\Users\user1\Desktop\Homework\בוטקאמפ\AMAT_4_Chana\src\data\..\..\src\data\sources\..\..\..\..\AMAT\amat4-week1\emps\images\9ef6e6b29d.png,,electron microscopy,512,638,27,0.12109987264890282
nist_set1_clean,nist,set1,train,C:\Users\user1\Desktop\Homework\בוטקאמפ\AMAT_4_Chana\src\data\..\..\src\data\sources\..\..\..\..\AMAT\nist_detection_limits_sem\mask_sets\masks\set1_cex_noise_000_contrast_100.tiff,C:\Users\user1\Desktop\Homework\בוטקאמפ\AMAT_4_Chana\src\data\..\..\src\data\sources\..\..\..\..\AMAT\nist_detection_limits_sem\mask_sets\masks\mask_set1_cex_noise_000_contrast_100.tiff,electron microscopy,512,512,1,0.21282958984375
nist_set2_clean,nist,set2,train,C:\Users\user1\Desktop\Homework\בוטקאמפ\AMAT_4_Chana\src\data\..\..\src\data\sources\..\..\..\..\AMAT\nist_detection_limits_sem\mask_sets\masks\set2_cex_noise_000_contrast_100.tiff,C:\Users\user1\Desktop\Homework\בוטקאמפ\AMAT_4_Chana\src\data\..\..\src\data\sources\..\..\..\..\AMAT\nist_detection_limits_sem\mask_sets\masks\mask_set2_cex_noise_000_contrast_100.tiff,electron microscopy,512,512,1,0.29427337646484375
nist_set3_clean,nist,set3,train,C:\Users\user1\Desktop\Homework\בוטקאמפ\AMAT_4_Chana\src\data\..\..\src\data\sources\..\..\..\..\AMAT\nist_detection_limits_sem\mask_sets\masks\set3_cex_noise_000_contrast_100.tiff,C:\Users\user1\Desktop\Homework\בוטקאמפ\AMAT_4_Chana\src\data\..\..\src\data\sources\..\..\..\..\AMAT\nist_detection_limits_sem\mask_sets\masks\mask_set3_cex_noise_000_contrast_100.tiff,electron microscopy,512,512,1,0.32210540771484375
nist_set5_clean,nist,set5,train,C:\Users\user1\Desktop\Homework\בוטקאמפ\AMAT_4_Chana\src\data\..\..\src\data\sources\..\..\..\..\AMAT\nist_detection_limits_sem\mask_sets\masks\set5_cex_noise_000_contrast_100.tiff,C:\Users\user1\Desktop\Homework\בוטקאמפ\AMAT_4_Chana\src\data\..\..\src\data\sources\..\..\..\..\AMAT\nist_detection_limits_sem\mask_sets\masks\mask_set5_cex_noise_000_contrast_100.tiff,electron microscopy,512,512,1,0.22896957397460938
WD6mm_21,rodare,WD6mm_21,test,C:\Users\user1\Desktop\Homework\בוטקאמפ\AMAT_4_Chana\src\data\..\..\src\data\sources\..\..\..\..\AMAT\rodare_4124_carbide_sem\cloud\preprocessed\images\WD6mm_21.tif,C:\Users\user1\Desktop\Homework\בוטקאמפ\AMAT_4_Chana\src\data\..\..\src\data\sources\..\..\..\..\AMAT\rodare_4124_carbide_sem\cloud\preprocessed\labels\WD6mm_21_label.png,SEM,1403,2048,735,0.1276989458971846
WD6mm_22,rodare,WD6mm_21,test,C:\Users\user1\Desktop\Homework\בוטקאמפ\AMAT_4_Chana\src\data\..\..\src\data\sources\..\..\..\..\AMAT\rodare_4124_carbide_sem\cloud\preprocessed\images\WD6mm_22.tif,C:\Users\user1\Desktop\Homework\בוטקאמפ\AMAT_4_Chana\src\data\..\..\src\data\sources\..\..\..\..\AMAT\rodare_4124_carbide_sem\cloud\preprocessed\labels\WD6mm_22_label.png,SEM,1403,2048,735,0.13004151260691377
WD6mm_23,rodare,WD6mm_23,test,C:\Users\user1\Desktop\Homework\בוטקאמפ\AMAT_4_Chana\src\data\..\..\src\data\sources\..\..\..\..\AMAT\rodare_4124_carbide_sem\cloud\preprocessed\images\WD6mm_23.tif,C:\Users\user1\Desktop\Homework\בוטקאמפ\AMAT_4_Chana\src\data\..\..\src\data\sources\..\..\..\..\AMAT\rodare_4124_carbide_sem\cloud\preprocessed\labels\WD6mm_23_label.png,SEM,1403,2048,793,0.12521438435495366
WD6mm_24,rodare,WD6mm_23,test,C:\Users\user1\Desktop\Homework\בוטקאמפ\AMAT_4_Chana\src\data\..\..\src\data\sources\..\..\..\..\AMAT\rodare_4124_carbide_sem\cloud\preprocessed\images\WD6mm_24.tif,C:\Users\user1\Desktop\Homework\בוטקאמפ\AMAT_4_Chana\src\data\..\..\src\data\sources\..\..\..\..\AMAT\rodare_4124_carbide_sem\cloud\preprocessed\labels\WD6mm_24_label.png,SEM,1403,2048,793,0.12902527508018533
WD6mm_25,rodare,WD6mm_25,test,C:\Users\user1\Desktop\Homework\בוטקאמפ\AMAT_4_Chana\src\data\..\..\src\data\sources\..\..\..\..\AMAT\rodare_4124_carbide_sem\cloud\preprocessed\images\WD6mm_25.tif,C:\Users\user1\Desktop\Homework\בוטקאמפ\AMAT_4_Chana\src\data\..\..\src\data\sources\..\..\..\..\AMAT\rodare_4124_carbide_sem\cloud\preprocessed\labels\WD6mm_25_label.png,SEM,1403,2048,686,0.12651217536083392
WD6mm_26,rodare,WD6mm_25,test,C:\Users\user1\Desktop\Homework\בוטקאמפ\AMAT_4_Chana\src\data\..\..\src\data\sources\..\..\..\..\AMAT\rodare_4124_carbide_sem\cloud\preprocessed\images\WD6mm_26.tif,C:\Users\user1\Desktop\Homework\בוטקאמפ\AMAT_4_Chana\src\data\..\..\src\data\sources\..\..\..\..\AMAT\rodare_4124_carbide_sem\cloud\preprocessed\labels\WD6mm_26_label.png,SEM,1403,2048,686,0.13023501536885246
WD6mm_27,rodare,WD6mm_27,test,C:\Users\user1\Desktop\Homework\בוטקאמפ\AMAT_4_Chana\src\data\..\..\src\data\sources\..\..\..\..\AMAT\rodare_4124_carbide_sem\cloud\preprocessed\images\WD6mm_27.tif,C:\Users\user1\Desktop\Homework\בוטקאמפ\AMAT_4_Chana\src\data\..\..\src\data\sources\..\..\..\..\AMAT\rodare_4124_carbide_sem\cloud\preprocessed\labels\WD6mm_27_label.png,SEM,1403,2048,742,0.12611786127940128
WD6mm_28,rodare,WD6mm_27,test,C:\Users\user1\Desktop\Homework\בוטקאמפ\AMAT_4_Chana\src\data\..\..\src\data\sources\..\..\..\..\AMAT\rodare_4124_carbide_sem\cloud\preprocessed\images\WD6mm_28.tif,C:\Users\user1\Desktop\Homework\בוטקאמפ\AMAT_4_Chana\src\data\..\..\src\data\sources\..\..\..\..\AMAT\rodare_4124_carbide_sem\cloud\preprocessed\labels\WD6mm_28_label.png,SEM,1403,2048,742,0.1316031077378831
WD6mm_47,rodare,WD6mm_47,test,C:\Users\user1\Desktop\Homework\בוטקאמפ\AMAT_4_Chana\src\data\..\..\src\data\sources\..\..\..\..\AMAT\rodare_4124_carbide_sem\cloud\preprocessed\images\WD6mm_47.tif,C:\Users\user1\Desktop\Homework\בוטקאמפ\AMAT_4_Chana\src\data\..\..\src\data\sources\..\..\..\..\AMAT\rodare_4124_carbide_sem\cloud\preprocessed\labels\WD6mm_47_label.png,SEM,1403,2048,599,0.1253981423734854
WD6mm_48,rodare,WD6mm_47,test,C:\Users\user1\Desktop\Homework\בוטקאמפ\AMAT_4_Chana\src\data\..\..\src\data\sources\..\..\..\..\AMAT\rodare_4124_carbide_sem\cloud\preprocessed\images\WD6mm_48.tif,C:\Users\user1\Desktop\Homework\בוטקאמפ\AMAT_4_Chana\src\data\..\..\src\data\sources\..\..\..\..\AMAT\rodare_4124_carbide_sem\cloud\preprocessed\labels\WD6mm_48_label.png,SEM,1403,2048,599,0.13016645413845332
WD_06mm_001,rodare,WD_06mm_001,test,C:\Users\user1\Desktop\Homework\בוטקאמפ\AMAT_4_Chana\src\data\..\..\src\data\sources\..\..\..\..\AMAT\rodare_4124_carbide_sem\cloud\preprocessed\images\WD_06mm_001.tif,C:\Users\user1\Desktop\Homework\בוטקאמפ\AMAT_4_Chana\src\data\..\..\src\data\sources\..\..\..\..\AMAT\rodare_4124_carbide_sem\cloud\preprocessed\labels\WD_06mm_001_label.png,SEM,1382,2048,454,0.12890130359081042
WD_06mm_002,rodare,WD_06mm_001,test,C:\Users\user1\Desktop\Homework\בוטקאמפ\AMAT_4_Chana\src\data\..\..\src\data\sources\..\..\..\..\AMAT\rodare_4124_carbide_sem\cloud\preprocessed\images\WD_06mm_002.tif,C:\Users\user1\Desktop\Homework\בוטקאמפ\AMAT_4_Chana\src\data\..\..\src\data\sources\..\..\..\..\AMAT\rodare_4124_carbide_sem\cloud\preprocessed\labels\WD_06mm_002_label.png,SEM,1382,2048,454,0.13077775924837193
WD_06mm_003,rodare,WD_06mm_003,test,C:\Users\user1\Desktop\Homework\בוטקאמפ\AMAT_4_Chana\src\data\..\..\src\data\sources\..\..\..\..\AMAT\rodare_4124_carbide_sem\cloud\preprocessed\images\WD_06mm_003.tif,C:\Users\user1\Desktop\Homework\בוטקאמפ\AMAT_4_Chana\src\data\..\..\src\data\sources\..\..\..\..\AMAT\rodare_4124_carbide_sem\cloud\preprocessed\labels\WD_06mm_003_label.png,SEM,1382,2048,492,0.12752054879703328
WD_06mm_004,rodare,WD_06mm_003,test,C:\Users\user1\Desktop\Homework\בוטקאמפ\AMAT_4_Chana\src\data\..\..\src\data\sources\..\..\..\..\AMAT\rodare_4124_carbide_sem\cloud\preprocessed\images\WD_06mm_004.tif,C:\Users\user1\Desktop\Homework\בוטקאמפ\AMAT_4_Chana\src\data\..\..\src\data\sources\..\..\..\..\AMAT\rodare_4124_carbide_sem\cloud\preprocessed\labels\WD_06mm_004_label.png,SEM,1382,2048,492,0.13249981627623011
WD_06mm_005,rodare,WD_06mm_005,test,C:\Users\user1\Desktop\Homework\בוטקאמפ\AMAT_4_Chana\src\data\..\..\src\data\sources\..\..\..\..\AMAT\rodare_4124_carbide_sem\cloud\preprocessed\images\WD_06mm_005.tif,C:\Users\user1\Desktop\Homework\בוטקאמפ\AMAT_4_Chana\src\data\..\..\src\data\sources\..\..\..\..\AMAT\rodare_4124_carbide_sem\cloud\preprocessed\labels\WD_06mm_005_label.png,SEM,1382,2048,455,0.12557307683610708
WD_06mm_006,rodare,WD_06mm_005,test,C:\Users\user1\Desktop\Homework\בוטקאמפ\AMAT_4_Chana\src\data\..\..\src\data\sources\..\..\..\..\AMAT\rodare_4124_carbide_sem\cloud\preprocessed\images\WD_06mm_006.tif,C:\Users\user1\Desktop\Homework\בוטקאמפ\AMAT_4_Chana\src\data\..\..\src\data\sources\..\..\..\..\AMAT\rodare_4124_carbide_sem\cloud\preprocessed\labels\WD_06mm_006_label.png,SEM,1382,2048,455,0.13182745794138928
WD_06mm_007,rodare,WD_06mm_007,test,C:\Users\user1\Desktop\Homework\בוטקאמפ\AMAT_4_Chana\src\data\..\..\src\data\sources\..\..\..\..\AMAT\rodare_4124_carbide_sem\cloud\preprocessed\images\WD_06mm_007.tif,C:\Users\user1\Desktop\Homework\בוטקאמפ\AMAT_4_Chana\src\data\..\..\src\data\sources\..\..\..\..\AMAT\rodare_4124_carbide_sem\cloud\preprocessed\labels\WD_06mm_007_label.png,SEM,1382,2048,611,0.126996936052822
WD_06mm_008,rodare,WD_06mm_007,test,C:\Users\user1\Desktop\Homework\בוטקאמפ\AMAT_4_Chana\src\data\..\..\src\data\sources\..\..\..\..\AMAT\rodare_4124_carbide_sem\cloud\preprocessed\images\WD_06mm_008.tif,C:\Users\user1\Desktop\Homework\בוטקאמפ\AMAT_4_Chana\src\data\..\..\src\data\sources\..\..\..\..\AMAT\rodare_4124_carbide_sem\cloud\preprocessed\labels\WD_06mm_008_label.png,SEM,1382,2048,611,0.1299700812907019
WD_06mm_009,rodare,WD_06mm_009,test,C:\Users\user1\Desktop\Homework\בוטקאמפ\AMAT_4_Chana\src\data\..\..\src\data\sources\..\..\..\..\AMAT\rodare_4124_carbide_sem\cloud\preprocessed\images\WD_06mm_009.tif,C:\Users\user1\Desktop\Homework\בוטקאמפ\AMAT_4_Chana\src\data\..\..\src\data\sources\..\..\..\..\AMAT\rodare_4124_carbide_sem\cloud\preprocessed\labels\WD_06mm_009_label.png,SEM,1382,2048,627,0.12883028728744572
WD_06mm_010,rodare,WD_06mm_009,test,C:\Users\user1\Desktop\Homework\בוטקאמפ\AMAT_4_Chana\src\data\..\..\src\data\sources\..\..\..\..\AMAT\rodare_4124_carbide_sem\cloud\preprocessed\images\WD_06mm_010.tif,C:\Users\user1\Desktop\Homework\בוטקאמפ\AMAT_4_Chana\src\data\..\..\src\data\sources\..\..\..\..\AMAT\rodare_4124_carbide_sem\cloud\preprocessed\labels\WD_06mm_010_label.png,SEM,1382,2048,627,0.13294251989869754
WD_06mm_011,rodare,WD_06mm_011,test,C:\Users\user1\Desktop\Homework\בוטקאמפ\AMAT_4_Chana\src\data\..\..\src\data\sources\..\..\..\..\AMAT\rodare_4124_carbide_sem\cloud\preprocessed\images\WD_06mm_011.tif,C:\Users\user1\Desktop\Homework\בוטקאמפ\AMAT_4_Chana\src\data\..\..\src\data\sources\..\..\..\..\AMAT\rodare_4124_carbide_sem\cloud\preprocessed\labels\WD_06mm_011_label.png,SEM,1382,2048,551,0.1282042132100217
WD_06mm_012,rodare,WD_06mm_011,test,C:\Users\user1\Desktop\Homework\בוטקאמפ\AMAT_4_Chana\src\data\..\..\src\data\sources\..\..\..\..\AMAT\rodare_4124_carbide_sem\cloud\preprocessed\images\WD_06mm_012.tif,C:\Users\user1\Desktop\Homework\בוטקאמפ\AMAT_4_Chana\src\data\..\..\src\data\sources\..\..\..\..\AMAT\rodare_4124_carbide_sem\cloud\preprocessed\labels\WD_06mm_012_label.png,SEM,1382,2048,551,0.12968672270712736
WD_06mm_013,rodare,WD_06mm_013,test,C:\Users\user1\Desktop\Homework\בוטקאמפ\AMAT_4_Chana\src\data\..\..\src\data\sources\..\..\..\..\AMAT\rodare_4124_carbide_sem\cloud\preprocessed\images\WD_06mm_013.tif,C:\Users\user1\Desktop\Homework\בוטקאמפ\AMAT_4_Chana\src\data\..\..\src\data\sources\..\..\..\..\AMAT\rodare_4124_carbide_sem\cloud\preprocessed\labels\WD_06mm_013_label.png,SEM,1382,2048,593,0.12609845615502893
WD_06mm_014,rodare,WD_06mm_013,test,C:\Users\user1\Desktop\Homework\בוטקאמפ\AMAT_4_Chana\src\data\..\..\src\data\sources\..\..\..\..\AMAT\rodare_4124_carbide_sem\cloud\preprocessed\images\WD_06mm_014.tif,C:\Users\user1\Desktop\Homework\בוטקאמפ\AMAT_4_Chana\src\data\..\..\src\data\sources\..\..\..\..\AMAT\rodare_4124_carbide_sem\cloud\preprocessed\labels\WD_06mm_014_label.png,SEM,1382,2048,593,0.13082298356096236
WD_06mm_015,rodare,WD_06mm_015,test,C:\Users\user1\Desktop\Homework\בוטקאמפ\AMAT_4_Chana\src\data\..\..\src\data\sources\..\..\..\..\AMAT\rodare_4124_carbide_sem\cloud\preprocessed\images\WD_06mm_015.tif,C:\Users\user1\Desktop\Homework\בוטקאמפ\AMAT_4_Chana\src\data\..\..\src\data\sources\..\..\..\..\AMAT\rodare_4124_carbide_sem\cloud\preprocessed\labels\WD_06mm_015_label.png,SEM,1382,2048,637,0.12697962362065845
WD_06mm_016,rodare,WD_06mm_015,test,C:\Users\user1\Desktop\Homework\בוטקאמפ\AMAT_4_Chana\src\data\..\..\src\data\sources\..\..\..\..\AMAT\rodare_4124_carbide_sem\cloud\preprocessed\images\WD_06mm_016.tif,C:\Users\user1\Desktop\Homework\בוטקאמפ\AMAT_4_Chana\src\data\..\..\src\data\sources\..\..\..\..\AMAT\rodare_4124_carbide_sem\cloud\preprocessed\labels\WD_06mm_016_label.png,SEM,1382,2048,637,0.13147979603835022
